team_canonical,issue,match_method,name_similarity,player_name_current,player_name_fifa,fifa_player_name_raw,club_current,club_fifa,position_current,position_fifa,squad_number_fifa,dob_fifa,height_cm_fifa,club_raw_match,club_norm_match,club_match,position_match
Algeria,left_only,unmatched,,Adam Zorgane,,,Union Saint-Gilloise,,Midfielder,,,,,,,,
Algeria,left_only,unmatched,,Ahmed Kendouci,,,Ceramica Cleopatra,,Midfielder,,,,,,,,
Algeria,left_only,unmatched,,Anthony Mandrea,,,SM Caen,,Goalkeeper,,,,,,,,
Algeria,left_only,unmatched,,Baghdad Bounedjah,,,Al-Shamal,,Forward,,,,,,,,
Algeria,left_only,unmatched,,Ismaël Bennacer,,,Dinamo Zagreb,,Midfielder,,,,,,,,
Algeria,left_only,unmatched,,Mehdi Dorval,,,SSC Bari,,Defender,,,,,,,,
Algeria,left_only,unmatched,,Youcef Atal,,,Al-Sadd SC,,Defender,,,,,,,,
Argentina,left_only,unmatched,,Ezequiel Fernández,,,Bayer Leverkusen (Alemania),,Midfielder,,,,,,,,
Bosnia and Herzegovina,left_only,unmatched,,Osman Hadzikic,,,Slaven Belupo,,Goalkeeper,,,,,,,,
Canada,left_only,unmatched,,Kamal Miller,,,Portland Timbers,,Defender,,,,,,,,
Cape Verde,left_only,unmatched,,Ianique Tavares,,,Torreense,,Defender,,,,,,,,
Cape Verde,left_only,unmatched,,Josimar Dias,,,Chaves,,Goalkeeper,,,,,,,,
Cape Verde,left_only,unmatched,,Roberto Lopes,,,Shamrock Rovers,,Defender,,,,,,,,
DR Congo,left_only,unmatched,,Rocky Bushiri,,,Hibernian FC,,Defender,,,,,,,,
Egypt,left_only,unmatched,,Mohamed Abdelmonem,,,OGC Niza,,Defender,,,,,,,,
Egypt,left_only,unmatched,,"Mostafa Abdelraouf ""Ziko""",,,ZED FC,,Forward,,,,,,,,
Ghana,left_only,unmatched,,Alexander Djiku,,,Spartak Moscow,,Defender,,,,,,,,
Ghana,left_only,unmatched,,Daniel Amartey,,,Beşiktaş,,Defender,,,,,,,,
Ghana,left_only,unmatched,,Forson Amankwah,,,RB Salzburg,,Midfielder,,,,,,,,
Ghana,left_only,unmatched,,Iddrisu Baba,,,UD Almería,,Midfielder,,,,,,,,
Ghana,left_only,unmatched,,Joseph Paintsil,,,LA Galaxy,,Forward,,,,,,,,
Ghana,left_only,unmatched,,Majeed Ashimeru,,,RSC Anderlecht,,Midfielder,,,,,,,,
Ghana,left_only,unmatched,,Mohammed Salisu,,,AS Monaco,,Defender,,,,,,,,
Ghana,left_only,unmatched,,Osman Bukari,,,Austin FC,,Forward,,,,,,,,
Ghana,left_only,unmatched,,Salis Abdul Samed,,,RC Lens,,Midfielder,,,,,,,,
Ghana,left_only,unmatched,,Stephan Ambrosius,,,FC St. Gallen,,Defender,,,,,,,,
Ghana,left_only,unmatched,,Tariq Lamptey,,,Brighton & Hove Albion,,Defender,,,,,,,,
Iraq,left_only,unmatched,,Rebin Sulaka,,,Port,,Defender,,,,,,,,
Japan,left_only,unmatched,,Daiki Hashioka,,,Luton Town,,Defender,,,,,,,,
Japan,left_only,unmatched,,Hidemasa Morita,,,Sporting CP,,Midfielder,,,,,,,,
Japan,left_only,unmatched,,Kaoru Mitoma,,,Brighton & Hove Albion,,Forward,,,,,,,,
Japan,left_only,unmatched,,Koki Machida,,,Royale Union Saint-Gilloise,,Defender,,,,,,,,
Japan,left_only,unmatched,,Kosei Tani,,,Gamba Osaka,,Goalkeeper,,,,,,,,
Japan,left_only,unmatched,,Reo Hatate,,,Celtic FC,,Midfielder,,,,,,,,
Japan,left_only,unmatched,,Seiya Maikuma,,,AZ Alkmaar,,Defender,,,,,,,,
Japan,left_only,unmatched,,Shuto Machino,,,Holstein Kiel,,Forward,,,,,,,,
Japan,left_only,unmatched,,Takumi Minamino,,,AS Monaco,,Midfielder,,,,,,,,
Jordan,left_only,unmatched,,Ahmad Al-Juaidi,,,Shabab Al-Ordon,,Goalkeeper,,,,,,,,
Jordan,left_only,unmatched,,Anas Al-Awadat,,,Al-Wehdat,,Midfielder,,,,,,,,
Jordan,left_only,unmatched,,Aref Al-Haj,,,Al-Faisaly,,Forward,,,,,,,,
Jordan,left_only,unmatched,,Bara' Marei,,,Al-Faisaly,,Defender,,,,,,,,
Jordan,left_only,unmatched,,Feras Shelbaieh,,,Al-Wehdat,,Defender,,,,,,,,
Jordan,left_only,unmatched,,Saleh Ratib,,,Al-Wehdat,,Midfielder,,,,,,,,
Jordan,left_only,unmatched,,Salem Al-Ajalin,,,Al-Faisaly,,Defender,,,,,,,,
Jordan,left_only,unmatched,,Yazan Al-Naimat,,,Al-Ahli SC,,Forward,,,,,,,,
Morocco,left_only,unmatched,,Abdelkabir Abqar,,,Deportivo Alavés,,Defender,,,,,,,,
Morocco,left_only,unmatched,,Achraf Dari,,,Al Ahly SC,,Defender,,,,,,,,
Morocco,left_only,unmatched,,Adam Aznou,,,Bayern Múnich,,Defender,,,,,,,,
Morocco,left_only,unmatched,,Amine Adli,,,Bayer 04 Leverkusen,,Forward,,,,,,,,
Morocco,left_only,unmatched,,Amir Richardson,,,ACF Fiorentina,,Midfielder,,,,,,,,
Morocco,left_only,unmatched,,El Mehdi Benabid,,,AS FAR,,Goalkeeper,,,,,,,,
Morocco,left_only,unmatched,,Eliesse Ben Seghir,,,AS Monaco,,Forward,,,,,,,,
Morocco,left_only,unmatched,,Hakim Ziyech,,,Galatasaray,,Forward,,,,,,,,
Morocco,left_only,unmatched,,Ilias Akhomach,,,Villarreal CF,,Forward,,,,,,,,
Morocco,left_only,unmatched,,Munir Mohamedi,,,RS Berkane,,Goalkeeper,,,,,,,,
Morocco,left_only,unmatched,,Oussama El Azzouzi,,,Bologna FC,,Midfielder,,,,,,,,
Morocco,left_only,unmatched,,Yahya Attiat-Allah,,,Al Ahly SC,,Defender,,,,,,,,
Morocco,left_only,unmatched,,Youssef En-Nesyri,,,Fenerbahçe,,Forward,,,,,,,,
Norway,left_only,unmatched,,Andreas Hanche-Olsen,,,1. FSV Mainz 05,,Defender,,,,,,,,
Norway,left_only,unmatched,,Hugo Vetlesen,,,Club Brugge,,Midfielder,,,,,,,,
Norway,left_only,unmatched,,Jesper Daland,,,Cardiff City,,Defender,,,,,,,,
Norway,left_only,unmatched,,Markus Solbakken,,,AC Sparta Praga,,Midfielder,,,,,,,,
Norway,left_only,unmatched,,Mathias Dyngeland,,,SK Brann,,Goalkeeper,,,,,,,,
Norway,left_only,unmatched,,Stian Gregersen,,,Atlanta United,,Defender,,,,,,,,
Paraguay,left_only,unmatched,,Adam Bareiro,,,River Plate,,Forward,,,,,,,,
Paraguay,left_only,unmatched,,Agustín Sández,,,Rosario Central,,Defender,,,,,,,,
Paraguay,left_only,unmatched,,Carlos Coronel,,,New York Red Bulls,,Goalkeeper,,,,,,,,
Paraguay,left_only,unmatched,,Fabrizio Peralta,,,Cruzeiro,,Midfielder,,,,,,,,
Paraguay,left_only,unmatched,,Juan Espínola,,,Belgrano,,Goalkeeper,,,,,,,,
Paraguay,left_only,unmatched,,Mateo Gamarra,,,Athletico Paranaense,,Defender,,,,,,,,
Paraguay,left_only,unmatched,,Mathías Villasanti,,,Grêmio,,Midfielder,,,,,,,,
Paraguay,left_only,unmatched,,Ángel Romero,,,Corinthians,,Forward,,,,,,,,
Portugal,left_only,unmatched,,António Silva,,,SL Benfica,,Defender,,,,,,,,
Portugal,left_only,unmatched,,Diogo Jota,,,Liverpool FC,,Forward,,,,,,,,
Portugal,left_only,unmatched,,João Palhinha,,,Bayern Múnich,,Midfielder,,,,,,,,
Portugal,left_only,unmatched,,Otávio,,,Al-Nassr,,Midfielder,,,,,,,,
Portugal,left_only,unmatched,,Raphaël Guerreiro,,,Bayern Múnich,,Defender,,,,,,,,
Portugal,left_only,unmatched,,Tiago Djaló,,,FC Porto,,Defender,,,,,,,,
Qatar,left_only,unmatched,,Abdullah Al-Ahrak,,,Qatar SC,,Midfielder,,,,,,,,
Qatar,left_only,unmatched,,Ahmed Al-Rawi,,,Al-Rayyan SC,,Forward,,,,,,,,
Qatar,left_only,unmatched,,Ali Assadalla,,,Al-Sadd SC,,Midfielder,,,,,,,,
Qatar,left_only,unmatched,,Almahdi Ali Mukhtar,,,Al-Wakrah SC,,Defender,,,,,,,,
Qatar,left_only,unmatched,,Bassam Al-Rawi,,,Al-Rayyan SC,,Defender,,,,,,,,
Qatar,left_only,unmatched,,Ismaeel Mohammad,,,Al-Duhail SC,,Forward,,,,,,,,
Qatar,left_only,unmatched,,Khalid Muneer,,,Al-Wakrah SC,,Forward,,,,,,,,
Qatar,left_only,unmatched,,Mohammed Waad,,,Al-Sadd SC,,Midfielder,,,,,,,,
Qatar,left_only,unmatched,,Mostafa Meshaal,,,Al-Sadd SC,,Midfielder,,,,,,,,
Qatar,left_only,unmatched,,Saad Al-Sheeb,,,Al-Sadd SC,,Goalkeeper,,,,,,,,
Qatar,left_only,unmatched,,Tameem Al-Abdullah,,,Al-Rayyan SC,,Forward,,,,,,,,
Qatar,left_only,unmatched,,Tarek Salman,,,Al-Sadd SC,,Defender,,,,,,,,
Saudi Arabia,left_only,unmatched,,Abdulrahman Ghareeb,,,Al-Nassr,,Forward,,,,,,,,
Saudi Arabia,left_only,unmatched,,Ali Al-Bulaihi,,,Al-Hilal,,Defender,,,,,,,,
Saudi Arabia,left_only,unmatched,,Faisal Al-Ghamdi,,,Beerschot VA,,Midfielder,,,,,,,,
Saudi Arabia,left_only,unmatched,,Marwan Al-Sahafi,,,Beerschot VA,,Forward,,,,,,,,
Saudi Arabia,left_only,unmatched,,Mukhtar Ali,,,Al-Nassr,,Midfielder,,,,,,,,
Saudi Arabia,left_only,unmatched,,Raghed Al-Najjar,,,Al-Nassr,,Goalkeeper,,,,,,,,
Saudi Arabia,left_only,unmatched,,Rayan Hamid,,,Al-Ahli,,Defender,,,,,,,,
Saudi Arabia,left_only,unmatched,,Sami Al-Najei,,,Al-Nassr,,Midfielder,,,,,,,,
Saudi Arabia,left_only,unmatched,,Sultan Al-Ghannam,,,Al-Nassr,,Defender,,,,,,,,
Saudi Arabia,left_only,unmatched,,Yasser Al-Shahrani,,,Al-Hilal,,Defender,,,,,,,,
Scotland,left_only,unmatched,,Billy Gilmour,,,Napoli,,Midfielder,,,,,,,,
Senegal,left_only,unmatched,,Abdallah Sima,,,Stade Brestois,,Forward,,,,,,,,
Senegal,left_only,unmatched,,Abdou Diallo,,,Al-Arabi SC,,Defender,,,,,,,,
Senegal,left_only,unmatched,,Arouna Sangante,,,Le Havre AC,,Defender,,,,,,,,
Senegal,left_only,unmatched,,Boulaye Dia,,,SS Lazio,,Forward,,,,,,,,
Senegal,left_only,unmatched,,Cheikhou Kouyaté,,,Nottingham Forest,,Midfielder,,,,,,,,
Senegal,left_only,unmatched,,Dion Lopy,,,UD Almería,,Midfielder,,,,,,,,
Senegal,left_only,unmatched,,Fodé Ballo-Touré,,,AC Milan,,Defender,,,,,,,,
Senegal,left_only,unmatched,,Formose Mendy,,,FC Lorient,,Defender,,,,,,,,
Senegal,left_only,unmatched,,Habib Diallo,,,Al-Shabab,,Forward,,,,,,,,
Senegal,left_only,unmatched,,Nampalys Mendy,,,RC Lens,,Midfielder,,,,,,,,
Senegal,left_only,unmatched,,Seny Dieng,,,Middlesbrough FC,,Goalkeeper,,,,,,,,
South Africa,left_only,unmatched,,Bathusi Aubaas,,,Mamelodi Sundowns,,Midfielder,,,,,,,,
South Africa,left_only,unmatched,,Bongokuhle Hlongwane,,,Minnesota United,,Forward,,,,,,,,
South Africa,left_only,unmatched,,Grant Kekana,,,Mamelodi Sundowns,,Defender,,,,,,,,
South Africa,left_only,unmatched,,Grant Margeman,,,SuperSport United,,Midfielder,,,,,,,,
South Africa,left_only,unmatched,,Luke Le Roux,,,IFK Värnamo,,Midfielder,,,,,,,,
South Africa,left_only,unmatched,,Mihlali Mayambela,,,Aris Limassol,,Forward,,,,,,,,
South Africa,left_only,unmatched,,Mothobi Mvala,,,Mamelodi Sundowns,,Defender,,,,,,,,
South Africa,left_only,unmatched,,Percy Tau,,,Al Ahly SC,,Forward,,,,,,,,
South Africa,left_only,unmatched,,Siyanda Xulu,,,SuperSport United,,Defender,,,,,,,,
South Africa,left_only,unmatched,,Terrence Mashego,,,Mamelodi Sundowns,,Defender,,,,,,,,
South Africa,left_only,unmatched,,Thapelo Morena,,,Mamelodi Sundowns,,Defender,,,,,,,,
South Africa,left_only,unmatched,,Veli Mothwa,,,AmaZulu FC,,Goalkeeper,,,,,,,,
South Korea,left_only,unmatched,,Hyun-seok Hong,,,1. FSV Mainz 05,,Midfielder,,,,,,,,
South Korea,left_only,unmatched,,Jae-won Hwang,,,Daegu FC,,Defender,,,,,,,,
South Korea,left_only,unmatched,,Min-hyeok Yang,,,Tottenham Hotspur,,Forward,,,,,,,,
South Korea,left_only,unmatched,,Min-kyu Joo,,,Ulsan HD,,Forward,,,,,,,,
South Korea,left_only,unmatched,,Myung-jae Lee,,,Ulsan HD,,Defender,,,,,,,,
South Korea,left_only,unmatched,,Seung-hyun Jung,,,Al-Wasl,,Defender,,,,,,,,
South Korea,left_only,unmatched,,Woo-yeong Jeong,,,1. FC Union Berlin,,Midfielder,,,,,,,,
South Korea,left_only,unmatched,,Yong-woo Park,,,Al-Ain,,Midfielder,,,,,,,,
South Korea,left_only,unmatched,,Young-gwon Kim,,,Ulsan HD,,Defender,,,,,,,,
South Korea,left_only,unmatched,,Yu-min Cho,,,Sharjah FC,,Defender,,,,,,,,
Spain,left_only,unmatched,,Álex Remiro,,,Real Sociedad,,Goalkeeper,,,,,,,,
Sweden,left_only,unmatched,,Emil Holm,,,Juventus,,Defender,,,,,,,,
Switzerland,left_only,unmatched,,Andi Zeqiri,,,KRC Genk,,Forward,,,,,,,,
Switzerland,left_only,unmatched,,Cédric Zesiger,,,VfL Wolfsburg,,Defender,,,,,,,,
Switzerland,left_only,unmatched,,Fabian Schär,,,Newcastle United,,Defender,,,,,,,,
Switzerland,left_only,unmatched,,Jonas Omlin,,,Borussia Mönchengladbach,,Goalkeeper,,,,,,,,
Switzerland,left_only,unmatched,,Kwadwo Duah,,,Ludogorets Razgrad,,Forward,,,,,,,,
Switzerland,left_only,unmatched,,Leonidas Stergiou,,,VfB Stuttgart,,Defender,,,,,,,,
Switzerland,left_only,unmatched,,Philipp Köhn,,,AS Monaco,,Goalkeeper,,,,,,,,
Switzerland,left_only,unmatched,,Ulisses Garcia,,,Olympique de Marsella,,Defender,,,,,,,,
Switzerland,left_only,unmatched,,Vincent Sierro,,,Toulouse FC,,Midfielder,,,,,,,,
Tunisia,left_only,unmatched,,Alaa Ghram,,,Shakhtar Donetsk,,Defender,,,,,,,,
Tunisia,left_only,unmatched,,Amanallah Memmiche,,,Espérance de Tunis,,Goalkeeper,,,,,,,,
Tunisia,left_only,unmatched,,Aïssa Laïdouni,,,Al-Wakrah,,Midfielder,,,,,,,,
Tunisia,left_only,unmatched,,Bechir Ben Said,,,US Monastir,,Goalkeeper,,,,,,,,
Tunisia,left_only,unmatched,,Hamza Mathlouthi,,,Zamalek SC,,Defender,,,,,,,,
Tunisia,left_only,unmatched,,Hamza Rafia,,,US Lecce,,Midfielder,,,,,,,,
Tunisia,left_only,unmatched,,Haythem Jouini,,,Stade Tunisien,,Forward,,,,,,,,
Tunisia,left_only,unmatched,,Issam Jebali,,,Gamba Osaka,,Forward,,,,,,,,
Tunisia,left_only,unmatched,,Mohamed Ali Ben Romdhane,,,Ferencvárosi TC,,Midfielder,,,,,,,,
Tunisia,left_only,unmatched,,Nader Ghandri,,,Akhmat Grozny,,Midfielder,,,,,,,,
Tunisia,left_only,unmatched,,Oussama Haddadi,,,SpVgg Greuther Fürth,,Defender,,,,,,,,
Tunisia,left_only,unmatched,,Samy Chouchane,,,Brighton & Hove Albion,,Midfielder,,,,,,,,
Tunisia,left_only,unmatched,,Sayfallah Ltaief,,,FC Twente,,Forward,,,,,,,,
Tunisia,left_only,unmatched,,Seifeddine Jaziri,,,Zamalek SC,,Forward,,,,,,,,
Tunisia,left_only,unmatched,,Wajdi Kechrida,,,Atromitos FC,,Defender,,,,,,,,
Tunisia,left_only,unmatched,,Yassine Meriah,,,Espérance de Tunis,,Defender,,,,,,,,
Tunisia,left_only,unmatched,,Youssef Msakni,,,Al-Arabi SC,,Forward,,,,,,,,
Turkey,left_only,unmatched,,Ahmetcan Kaplan,,,NEC Nijmegen,,Defender,,,,,,,,
Turkey,left_only,unmatched,,Bertuğ Yıldırım,,,Getafe CF,,Forward,,,,,,,,
Turkey,left_only,unmatched,,Enes Ünal,,,AFC Bournemouth,,Forward,,,,,,,,
Turkey,left_only,unmatched,,Okay Yokuşlu,,,Trabzonspor,,Midfielder,,,,,,,,
Turkey,left_only,unmatched,,Semih Kılıçsoy,,,Beşiktaş,,Forward,,,,,,,,
United States,left_only,unmatched,,Aidan Morris,,,Middlesbrough FC,,Midfielder,,,,,,,,
United States,left_only,unmatched,,Cameron Carter-Vickers,,,Celtic FC,,Defender,,,,,,,,
United States,left_only,unmatched,,Ethan Horvath,,,Cardiff City,,Goalkeeper,,,,,,,,
United States,left_only,unmatched,,Johnny Cardoso,,,Real Betis,,Midfielder,,,,,,,,
United States,left_only,unmatched,,Josh Sargent,,,Norwich City,,Forward,,,,,,,,
United States,left_only,unmatched,,Kevin Paredes,,,VfL Wolfsburg,,Forward,,,,,,,,
United States,left_only,unmatched,,Patrick Schulte,,,Columbus Crew,,Goalkeeper,,,,,,,,
United States,left_only,unmatched,,Yunus Musah,,,AC Milan,,Midfielder,,,,,,,,
Uzbekistan,left_only,unmatched,,Azizbek Turgunboev,,,Sivasspor,,Midfielder,,,,,,,,
Uzbekistan,left_only,unmatched,,Bobur Abdikholikov,,,Nasaf,,Forward,,,,,,,,
Uzbekistan,left_only,unmatched,,Diyor Kholmatov,,,Pakhtakor,,Midfielder,,,,,,,,
Uzbekistan,left_only,unmatched,,Husayin Norchaev,,,Neftchi,,Forward,,,,,,,,
Uzbekistan,left_only,unmatched,,Husniddin Aliqulov,,,Çaykur Rizespor,,Defender,,,,,,,,
Uzbekistan,left_only,unmatched,,Jasurbek Yakhshiboev,,,Ordabasy,,Forward,,,,,,,,
Uzbekistan,left_only,unmatched,,Khojimat Erkinov,,,Al Wahda,,Midfielder,,,,,,,,
Uzbekistan,left_only,unmatched,,Zafarmurod Abdurakhmatov,,,Nasaf,,Defender,,,,,,,,
Algeria,right_only,unmatched,,,Achraf Abada,ABADA Achraf,,USM Alger (ALG),,Defender,3,15/06/1999,185,,,,
Algeria,right_only,unmatched,,,Fares Ghedjemis,GHEDJEMIS Fares,,Frosinone (ITA),,Forward,25,06/09/2002,183,,,,
Algeria,right_only,unmatched,,,Melvin Mastil,MASTIL Melvin,,FC Stade Nyonnais (SUI),,Goalkeeper,1,19/02/2000,194,,,,
Algeria,right_only,unmatched,,,Nabil Bentaleb,BENTALEB Nabil,,Lille OSC (FRA),,Midfielder,19,24/11/1994,189,,,,
Algeria,right_only,unmatched,,,Nadhir Benbouali,BENBOUALI Nadhir,,Györi ETO FC (HUN),,Forward,12,17/04/2000,190,,,,
Algeria,right_only,unmatched,,,Samir Chergui,CHERGUI Samir,,Paris FC (FRA),,Defender,26,06/02/1999,185,,,,
Algeria,right_only,unmatched,,,Yassine Titraoui,TITRAOUI Yassine,,Sporting Charleroi (BEL),,Midfielder,24,26/08/2003,180,,,,
Argentina,right_only,unmatched,,,Giuliano Simeone,SIMEONE Giuliano,,Atlético De Madrid (ESP),,Forward,17,18/12/2002,174,,,,
Bosnia and Herzegovina,right_only,unmatched,,,Mladen Jurkas,JURKAS Mladen,,FK Borac Banja Luka (BIH),,Goalkeeper,12,07/10/2007,193,,,,
Canada,right_only,unmatched,,,Nathan Saliba,SALIBA Nathan,,RSC Anderlecht (BEL),,Midfielder,25,07/02/2004,174,,,,
Cape Verde,right_only,unmatched,,,Pico Lopes,PICO LOPES,,Shamrock Rovers FC (IRL),,Defender,4,17/06/1992,186,,,,
Cape Verde,right_only,unmatched,,,Stopira,STOPIRA,,SCU Torreense (POR),,Defender,2,20/05/1988,178,,,,
Cape Verde,right_only,unmatched,,,Vozinha,VOZINHA,,GD Chaves (POR),,Goalkeeper,1,03/06/1986,189,,,,
DR Congo,right_only,unmatched,,,Aaron Tshibola,TSHIBOLA Aaron,,Kilmarnock FC (SCO),,Midfielder,15,02/01/1995,184,,,,
Egypt,right_only,unmatched,,,ABDELMONEIMMohamed Abdelmoneim Elsayed M Mohamed,MOHAMED ABDELMONEIMMohamed Abdelmoneim Elsayed M,,OGC Nice (FRA),,Defender,6,01/02/1999,184,,,,
Egypt,right_only,unmatched,,,Mostafa Zico,MOSTAFA ZICO,,Pyramids FC (EGY),,Midfielder,11,27/04/1997,179,,,,
Ghana,right_only,unmatched,,,Abdul Mumin,MUMIN Abdul,,Rayo Vallecano (ESP),,Defender,6,06/06/1998,188,,,,
Ghana,right_only,unmatched,,,Augustine Boakye,BOAKYE Augustine,,AS Saint-Etienne (FRA),,Midfielder,20,03/11/2000,178,,,,
Ghana,right_only,unmatched,,,Brandon Thomas-Asante,THOMAS-ASANTE Brandon,,Coventry City FC (ENG),,Forward,10,29/12/1998,182,,,,
Ghana,right_only,unmatched,,,Caleb Yirenkyi,YIRENKYI Caleb,,FC Nordsjælland (DEN),,Midfielder,3,15/01/2006,182,,,,
Ghana,right_only,unmatched,,,Derrick Luckassen,LUCKASSEN Derrick,,Pafos FC (CYP),,Defender,23,03/07/1995,188,,,,
Ghana,right_only,unmatched,,,Jerome Opoku,OPOKU Jerome,,Başakşehir FK (TUR),,Defender,18,14/10/1998,197,,,,
Ghana,right_only,unmatched,,,Jonas Adjetey,ADJETEY Jonas,,VfL Wolfsburg (GER),,Defender,4,13/12/2003,188,,,,
Ghana,right_only,unmatched,,,Kojo Peprah Oppong,OPPONG Kojo Peprah,,OGC Nice (FRA),,Defender,21,04/06/2004,185,,,,
Ghana,right_only,unmatched,,,Kwasi Sibo,SIBO Kwasi,,Real Oviedo (ESP),,Midfielder,8,24/06/1998,183,,,,
Ghana,right_only,unmatched,,,Marvin Senaya,SENAYA Marvin,,AJ Auxerre (FRA),,Defender,26,28/01/2001,181,,,,
Ghana,right_only,unmatched,,,Prince Adu,ADU Prince,,FC Viktoria Plzeň (CZE),,Forward,25,23/09/2003,179,,,,
Iraq,right_only,unmatched,,,Rebin Ghareeb,REBIN GHAREEB,,Port FC (THA),,Defender,2,12/04/1992,193,,,,
Japan,right_only,unmatched,,,Ayumu Seko,SEKO Ayumu,,Le Havre AC (FRA),,Defender,20,07/06/2000,186,,,,
Japan,right_only,unmatched,,,Junnosuke Suzuki,SUZUKI Junnosuke,,FC København (DEN),,Defender,25,12/07/2003,180,,,,
Japan,right_only,unmatched,,,Kaishu Sano,SANO Kaishu,,1. FSV Mainz 05 (GER),,Midfielder,24,30/12/2000,176,,,,
Japan,right_only,unmatched,,,Keisuke Goto,GOTO Keisuke,,Sint-Truiden VV (BEL),,Forward,9,03/06/2005,191,,,,
Japan,right_only,unmatched,,,Kento Shiogai,SHIOGAI Kento,,VfL Wolfsburg (GER),,Forward,26,26/03/2005,180,,,,
Japan,right_only,unmatched,,,Tomoki Hayakawa,HAYAKAWA Tomoki,,Kashima Antlers (JPN),,Goalkeeper,23,03/03/1999,187,,,,
Japan,right_only,unmatched,,,Tsuyoshi Watanabe,WATANABE Tsuyoshi,,Feyenoord Rotterdam (NED),,Defender,16,05/02/1997,184,,,,
Japan,right_only,unmatched,,,Yuito Suzuki,SUZUKI Yuito,,SC Freiburg (GER),,Midfielder,17,25/10/2001,175,,,,
Japan,right_only,unmatched,,,Yuto Nagatomo,NAGATOMO Yuto,,FC Tokyo (JPN),,Defender,5,12/09/1986,170,,,,
Jordan,right_only,unmatched,,,Ali Azaizeh,ALI AZAIZEH,,Al Shabab FC (KSA),,Forward,24,13/04/2004,178,,,,
Jordan,right_only,unmatched,,,Amer Jamous,AMER JAMOUS,,Al Zawra'a SC (IRQ),,Midfielder,6,03/07/2002,177,,,,
Jordan,right_only,unmatched,,,Anas Badawi,ANAS BADAWI,,Al Faisaly SC (JOR),,Defender,26,13/09/1997,174,,,,
Jordan,right_only,unmatched,,,Mohammad Abualnadi,MOHAMMAD ABUALNADI,,Selangor FC (MAS),,Defender,16,08/02/2001,185,,,,
Jordan,right_only,unmatched,,,Mohammad Aldaoud,MOHAMMAD ALDAOUD,,Al Wahdat SC (JOR),,Midfielder,25,12/04/1992,185,,,,
Jordan,right_only,unmatched,,,Nour Baniateyah,NOUR BANIATEYAH,,Al Faisaly SC (JOR),,Goalkeeper,12,25/01/1993,179,,,,
Jordan,right_only,unmatched,,,Odeh Fakhoury,ODEH FAKHOURY,,Pyramids FC (EGY),,Forward,11,22/11/2005,180,,,,
Jordan,right_only,unmatched,,,Saleem Obaid,SALEEM OBAID,,Al Hussein SC (JOR),,Defender,17,17/01/1992,187,,,,
Morocco,right_only,unmatched,,,Ahmed Reda Tagnaouti,TAGNAOUTI Ahmed Reda,,ASFAR (MAR),,Goalkeeper,22,05/04/1996,194,,,,
Morocco,right_only,unmatched,,,Anass Salah Eddine,SALAH EDDINE Anass,,PSV Eindhoven (NED),,Defender,26,18/01/2002,181,,,,
Morocco,right_only,unmatched,,,Ayoube Amaimouni,AMAIMOUNI Ayoube,,Eintracht Frankfurt (GER),,Forward,21,30/11/2004,179,,,,
Morocco,right_only,unmatched,,,Ayyoub Bouaddi,BOUADDI Ayyoub,,Lille OSC (FRA),,Midfielder,6,02/10/2007,185,,,,
Morocco,right_only,unmatched,,,Chemsdine Talbi,TALBI Chemsdine,,Sunderland AFC (ENG),,Midfielder,7,09/05/2005,175,,,,
Morocco,right_only,unmatched,,,Gessime Yassine,YASSINE Gessime,,RC Strasbourg (FRA),,Midfielder,16,22/11/2005,172,,,,
Morocco,right_only,unmatched,,,Issa Diop,DIOP Issa,,Fulham FC (ENG),,Defender,14,09/01/1997,194,,,,
Morocco,right_only,unmatched,,,Munir el Kajoui,EL KAJOUI Munir,,RS Berkane (MAR),,Goalkeeper,12,10/05/1989,190,,,,
Morocco,right_only,unmatched,,,Neil el Aynaoui,EL AYNAOUI Neil,,AS Roma (ITA),,Midfielder,24,02/07/2001,185,,,,
Morocco,right_only,unmatched,,,Redouane Halhal,HALHAL Redouane,,KV Mechelen (BEL),,Defender,25,05/03/2003,189,,,,
Morocco,right_only,unmatched,,,Samir el Mourabet,EL MOURABET Samir,,RC Strasbourg (FRA),,Midfielder,15,06/10/2005,187,,,,
Morocco,right_only,unmatched,,,Youssef Belammari,BELAMMARI Youssef,,Al Ahly FC (EGY),,Defender,19,20/09/1998,175,,,,
Morocco,right_only,unmatched,,,Zakaria el Ouahdi,EL OUAHDI Zakaria,,KRC Genk (BEL),,Defender,13,31/12/2001,171,,,,
Norway,right_only,unmatched,,,Fredrik Aursnes,AURSNES Fredrik,,SL Benfica (POR),,Midfielder,14,10/12/1995,181,,,,
Norway,right_only,unmatched,,,Henrik Falchener,FALCHENER Henrik,,Viking Stavanger (NOR),,Defender,25,08/05/2003,194,,,,
Norway,right_only,unmatched,,,Sander Tangvik,TANGVIK Sander,,Hamburger SV (GER),,Goalkeeper,12,29/11/2002,193,,,,
Norway,right_only,unmatched,,,Sondre Langas,LANGAS Sondre,,Derby County FC (ENG),,Defender,24,02/02/2001,190,,,,
Norway,right_only,unmatched,,,Thelo Aasgaard,AASGAARD Thelo,,Rangers FC (SCO),,Midfielder,19,02/05/2002,188,,,,
Norway,right_only,unmatched,,,Torbjorn Heggem,HEGGEM Torbjorn,,Bologna FC (ITA),,Defender,17,12/01/1999,192,,,,
Paraguay,right_only,unmatched,,,Alexandro Maidana,MAIDANA Alexandro,,CA Talleres (ARG),,Defender,26,26/07/2005,173,,,,
Paraguay,right_only,unmatched,,,Braian Ojeda,OJEDA Braian,,Orlando City SC (USA),,Midfielder,20,27/06/2000,173,,,,
Paraguay,right_only,unmatched,,,Gabriel Avalos,AVALOS Gabriel,,CA Independiente (ARG),,Forward,21,12/10/1990,185,,,,
Paraguay,right_only,unmatched,,,Gaston Olveira,OLVEIRA Gaston,,Club Olimpia (PAR),,Goalkeeper,22,21/04/1993,191,,,,
Paraguay,right_only,unmatched,,,Gustavo Caballero,CABALLERO Gustavo,,Portsmouth FC (ENG),,Midfielder,24,21/09/2001,189,,,,
Paraguay,right_only,unmatched,,,Jose Canale,CANALE Jose,,CA Lanús (ARG),,Defender,13,20/07/1996,192,,,,
Paraguay,right_only,unmatched,,,Mauricio,MAURICIO,,SE Palmeiras (BRA),,Midfielder,11,22/06/2001,175,,,,
Paraguay,right_only,unmatched,,,Orlando Gill,GILL Orlando,,CA San Lorenzo (ARG),,Goalkeeper,12,11/06/2000,190,,,,
Portugal,right_only,unmatched,,,Francisco Trincao,FRANCISCO TRINCAO,,Sporting CP (POR),,Forward,16,29/12/1999,184,,,,
Portugal,right_only,unmatched,,,Goncalo Guedes,GONCALO GUEDES,,Real Sociedad (ESP),,Forward,19,29/11/1996,179,,,,
Portugal,right_only,unmatched,,,Nelson Semedo,NELSON SEMEDO,,Fenerbahçe SK (TUR),,Defender,2,16/11/1993,179,,,,
Portugal,right_only,unmatched,,,Renato Veiga,RENATO VEIGA,,Villarreal CF (ESP),,Defender,13,29/07/2003,188,,,,
Portugal,right_only,unmatched,,,Samu Costa,SAMU COSTA,,RCD Mallorca (ESP),,Defender,24,27/11/2000,185,,,,
Portugal,right_only,unmatched,,,Tomas Araujo,TOMAS ARAUJO,,SL Benfica (POR),,Defender,4,16/05/2002,187,,,,
Qatar,right_only,unmatched,,,Ahmed Alganehi,AHMED ALGANEHI,,Al Gharafa SC (QAT),,Midfielder,17,22/09/2000,175,,,,
Qatar,right_only,unmatched,,,Alhashmi Alhussein,ALHASHMI ALHUSSEIN,,Al Arabi SC (QAT),,Defender,25,15/08/2003,182,,,,
Qatar,right_only,unmatched,,,Assim Madibo,ASSIM MADIBO,,Al Wakrah SC (QAT),,Midfielder,23,22/10/1996,168,,,,
Qatar,right_only,unmatched,,,Ayoub Aloui,AYOUB ALOUI,,Al Gharafa SC (QAT),,Defender,13,11/03/2005,181,,,,
Qatar,right_only,unmatched,,,Edmilson Junior,EDMILSON JUNIOR,,Al Duhail SC (QAT),,Forward,8,19/08/1994,180,,,,
Qatar,right_only,unmatched,,,Hassan Alhaydos,HASSAN ALHAYDOS,,Al Sadd SC (QAT),,Forward,10,11/12/1990,174,,,,
Qatar,right_only,unmatched,,,Issa Laye,ISSA LAYE,,Al Arabi SC (QAT),,Defender,4,22/12/1997,178,,,,
Qatar,right_only,unmatched,,,Karim Boudiaf,KARIM BOUDIAF,,Al Duhail SC (QAT),,Midfielder,12,16/09/1990,190,,,,
Qatar,right_only,unmatched,,,Mahmoud Abunada,MAHMOUD ABUNADA,,Al Rayyan SC (QAT),,Goalkeeper,1,05/02/2000,185,,,,
Qatar,right_only,unmatched,,,Mohamed Manai,MOHAMED MANAI,,Al Shamal SC (QAT),,Forward,26,25/10/2002,180,,,,
Qatar,right_only,unmatched,,,Mohammed Muntari,MOHAMMED MUNTARI,,Al Gharafa SC (QAT),,Forward,9,20/12/1993,192,,,,
Qatar,right_only,unmatched,,,Tahsin Jamshid,TAHSIN JAMSHID,,Al Duhail SC (QAT),,Forward,24,16/06/2006,166,,,,
Saudi Arabia,right_only,unmatched,,,Ala Alhajji,ALA ALHAJJI,,Neom SC (KSA),,Midfielder,18,03/12/1995,178,,,,
Saudi Arabia,right_only,unmatched,,,Ali Majrashi,ALI MAJRASHI,,Al Ahli FC (KSA),,Defender,2,02/10/1999,169,,,,
Saudi Arabia,right_only,unmatched,,,Jehad Thikri,JEHAD THIKRI,,Al Qadsiah FC (KSA),,Defender,25,21/07/2001,184,,,,
Saudi Arabia,right_only,unmatched,,,Khalid Alghannam,KHALID ALGHANNAM,,Al Ettifaq FC (KSA),,Forward,17,08/11/2000,171,,,,
Saudi Arabia,right_only,unmatched,,,Mohammed Abu Alshamat,MOHAMMED ABU ALSHAMAT,,Al Qadsiah FC (KSA),,Defender,26,11/08/2002,170,,,,
Saudi Arabia,right_only,unmatched,,,Moteb Alharbi,MOTEB ALHARBI,,Al Hilal SC (KSA),,Defender,24,20/02/2000,177,,,,
Saudi Arabia,right_only,unmatched,,,Nawaf Alaqidi,NAWAF ALAQIDI,,Al Nassr FC (KSA),,Goalkeeper,1,10/05/2000,186,,,,
Saudi Arabia,right_only,unmatched,,,Nawaf Bu Washl,NAWAF BU WASHL,,Al Nassr FC (KSA),,Defender,13,16/09/1999,173,,,,
Saudi Arabia,right_only,unmatched,,,Sultan Mandash,SULTAN MANDASH,,Al Hilal SC (KSA),,Forward,20,17/10/1994,172,,,,
Saudi Arabia,right_only,unmatched,,,Ziyad Aljohani,ZIYAD ALJOHANI,,Al Ahli FC (KSA),,Midfielder,16,11/11/2001,180,,,,
Scotland,right_only,unmatched,,,Tyler Fletcher,FLETCHER Tyler,,Manchester United FC (ENG),,Midfielder,8,19/03/2007,183,,,,
Senegal,right_only,unmatched,,,Antoine Mendy,MENDY Antoine,,OGC Nice (FRA),,Defender,24,27/05/2004,187,,,,
Senegal,right_only,unmatched,,,Assane Diao,DIAO Assane,,Como (ITA),,Forward,7,07/09/2005,185,,,,
Senegal,right_only,unmatched,,,Bamba Dieng,DIENG Bamba,,FC Lorient (FRA),,Forward,9,23/03/2000,178,,,,
Senegal,right_only,unmatched,,,Bara Sapoko Ndiaye,NDIAYE Bara Sapoko,,FC Bayern München (GER),,Midfielder,22,31/12/2007,180,,,,
Senegal,right_only,unmatched,,,Cherif Ndiaye,NDIAYE Cherif,,Samsunspor (TUR),,Forward,12,23/01/1996,190,,,,
Senegal,right_only,unmatched,,,Ibrahim Mbaye,MBAYE Ibrahim,,Paris Saint-Germain (FRA),,Forward,20,24/01/2008,175,,,,
Senegal,right_only,unmatched,,,Krepin Diatta,DIATTA Krepin,,AS Monaco (FRA),,Defender,15,25/02/1999,173,,,,
Senegal,right_only,unmatched,,,Mamadou Sarr,SARR Mamadou,,Chelsea FC (ENG),,Defender,2,29/08/2005,194,,,,
Senegal,right_only,unmatched,,,Pathe Ciss,CISS Pathe,,Rayo Vallecano (ESP),,Midfielder,6,16/03/1994,186,,,,
Senegal,right_only,unmatched,,,Yehvann Diouf,DIOUF Yehvann,,OGC Nice (FRA),,Goalkeeper,1,16/11/1999,188,,,,
Senegal,right_only,unmatched,,,el Hadji Malick Diouf,DIOUF El Hadji Malick,,West Ham United FC (ENG),,Defender,25,29/12/2004,177,,,,
South Africa,right_only,unmatched,,,Bradley Cross,CROSS Bradley,,Kaizer Chiefs FC (RSA),,Defender,26,30/01/2001,175,,,,
South Africa,right_only,unmatched,,,Ime Okon,OKON Ime,,Hannover 96 (GER),,Defender,21,20/02/2004,187,,,,
South Africa,right_only,unmatched,,,Kamogelo Sebelebele,SEBELEBELE Kamogelo,,Orlando Pirates FC (RSA),,Forward,25,21/07/2002,166,,,,
South Africa,right_only,unmatched,,,Khulumani Ndamane,NDAMANE Khulumani,,Mamelodi Sundowns FC (RSA),,Defender,3,05/02/2004,183,,,,
South Africa,right_only,unmatched,,,Mbekezeli Mbokazi,MBOKAZI Mbekezeli,,Chicago Fire FC (USA),,Defender,14,19/09/2005,177,,,,
South Africa,right_only,unmatched,,,Olwethu Makhanya,MAKHANYA Olwethu,,Philadelphia Union (USA),,Defender,24,30/04/2004,185,,,,
South Africa,right_only,unmatched,,,Relebohile Mofokeng,MOFOKENG Relebohile,,Orlando Pirates FC (RSA),,Forward,10,23/10/2004,168,,,,
South Africa,right_only,unmatched,,,Samukele Kabini,KABINI Samukele,,Molde FK (NOR),,Defender,18,15/03/2004,179,,,,
South Africa,right_only,unmatched,,,Sipho Chaine,CHAINE Sipho,,Orlando Pirates FC (RSA),,Goalkeeper,16,14/12/1996,186,,,,
South Africa,right_only,unmatched,,,Thabang Matuludi,MATULUDI Thabang,,Polokwane City FC (RSA),,Defender,2,14/01/1999,189,,,,
South Africa,right_only,unmatched,,,Thalente Mbatha,MBATHA Thalente,,Orlando Pirates FC (RSA),,Midfielder,5,06/03/2000,179,,,,
South Africa,right_only,unmatched,,,Tshepang Moremi,MOREMI Tshepang,,Orlando Pirates FC (RSA),,Forward,8,02/10/2000,169,,,,
South Korea,right_only,unmatched,,,Donggyeong Lee,LEE Donggyeong,,Ulsan HD (KOR),,Midfielder,26,20/09/1997,175,,,,
South Korea,right_only,unmatched,,,Gihyuk Lee,LEE Gihyuk,,Gangwon FC (KOR),,Midfielder,3,07/07/2000,184,,,,
South Korea,right_only,unmatched,,,Hanbeom Lee,LEE Hanbeom,,FC Midtjylland (DEN),,Defender,2,17/06/2002,188,,,,
South Korea,right_only,unmatched,,,Hyunjun Yang,YANG Hyunjun,,Celtic FC (SCO),,Midfielder,20,25/05/2002,179,,,,
South Korea,right_only,unmatched,,,Jens Castrop,CASTROP Jens,,Borussia Mönchengladbach (GER),,Defender,23,29/07/2003,178,,,,
South Korea,right_only,unmatched,,,Jinseob Park,PARK Jinseob,,Zhejiang FC (CHN),,Defender,16,23/10/1995,183,,,,
South Korea,right_only,unmatched,,,Jisung Eom,EOM Jisung,,Swansea City AFC (WAL),,Midfielder,25,09/05/2002,177,,,,
South Korea,right_only,unmatched,,,Taehyeon Kim,KIM Taehyeon,,Kashima Antlers (JPN),,Defender,5,17/09/2000,186,,,,
South Korea,right_only,unmatched,,,Taeseok Lee,LEE Taeseok,,FK Austria Wien (AUT),,Defender,13,28/07/2002,174,,,,
South Korea,right_only,unmatched,,,Wije Cho,CHO Wije,,Jeonbuk Hyundai Motors FC (KOR),,Defender,14,25/08/2001,190,,,,
Spain,right_only,unmatched,,,Joan Garcia,GARCIA Joan,,FC Barcelona (ESP),,Goalkeeper,13,04/05/2001,194,,,,
Sweden,right_only,unmatched,,,Herman Johansson,JOHANSSON Herman,,FC Dallas (USA),,Defender,6,16/10/1997,190,,,,
Switzerland,right_only,unmatched,,,Aurele Amenda,AMENDA Aurele,,Eintracht Frankfurt (GER),,Defender,24,31/07/2003,194,,,,
Switzerland,right_only,unmatched,,,Cedric Itten,ITTEN Cedric,,Fortuna Düsseldorf (GER),,Forward,26,27/12/1996,190,,,,
Switzerland,right_only,unmatched,,,Christian Fassnacht,FASSNACHT Christian,,BSC Young Boys (SUI),,Forward,16,11/11/1993,185,,,,
Switzerland,right_only,unmatched,,,Eray Coemert,COEMERT Eray,,Valencia CF (ESP),,Defender,18,04/02/1998,183,,,,
Switzerland,right_only,unmatched,,,Johan Manzambi,MANZAMBI Johan,,SC Freiburg (GER),,Midfielder,9,14/10/2005,182,,,,
Switzerland,right_only,unmatched,,,Luca Jaquez,JAQUEZ Luca,,VfB Stuttgart (GER),,Defender,25,02/06/2003,187,,,,
Switzerland,right_only,unmatched,,,Marvin Keller,KELLER Marvin,,BSC Young Boys (SUI),,Goalkeeper,21,03/07/2002,189,,,,
Switzerland,right_only,unmatched,,,Miro Muheim,MUHEIM Miro,,Hamburger SV (GER),,Defender,2,24/03/1998,182,,,,
Switzerland,right_only,unmatched,,,Yvon Mvogo,MVOGO Yvon,,FC Lorient (FRA),,Goalkeeper,12,06/06/1994,190,,,,
Tunisia,right_only,unmatched,,,Adam Arous,AROUS Adam,,Kasımpaşa SK (TUR),,Defender,5,17/07/2004,188,,,,
Tunisia,right_only,unmatched,,,Anis Slimane,SLIMANE Anis,,Norwich City FC (ENG),,Midfielder,25,16/03/2001,188,,,,
Tunisia,right_only,unmatched,,,Firas Chaouat,CHAOUAT Firas,,Club Africain (TUN),,Forward,19,08/05/1996,185,,,,
Tunisia,right_only,unmatched,,,Hazem Mastouri,MASTOURI Hazem,,FC Dynamo Makhachkala (RUS),,Forward,9,18/06/1997,191,,,,
Tunisia,right_only,unmatched,,,Ismael Gharbi,GHARBI Ismael,,FC Augsburg (GER),,Midfielder,11,10/04/2004,180,,,,
Tunisia,right_only,unmatched,,,Khalil Ayari,AYARI Khalil,,Paris Saint-Germain (FRA),,Midfielder,14,02/02/2005,174,,,,
Tunisia,right_only,unmatched,,,Mohamed Amine Ben Hmida,BEN HMIDA Mohamed Amine,,Espérance De Tunisie (TUN),,Defender,21,15/12/1995,181,,,,
Tunisia,right_only,unmatched,,,Mohamed Hadj Mahmoud,HADJ MAHMOUD Mohamed,,FC Lugano (SUI),,Midfielder,15,24/04/2000,179,,,,
Tunisia,right_only,unmatched,,,Mortadha Ben Ouanes,BEN OUANES Mortadha,,Kasımpaşa SK (TUR),,Defender,12,02/07/1994,188,,,,
Tunisia,right_only,unmatched,,,Mouhib Chamakh,CHAMAKH Mouhib,,Club Africain (TUN),,Goalkeeper,1,25/08/2001,189,,,,
Tunisia,right_only,unmatched,,,Moutaz Neffati,NEFFATI Moutaz,,IFK Norrköping FK (SWE),,Defender,23,04/09/2004,182,,,,
Tunisia,right_only,unmatched,,,Omar Rekik,REKIK Omar,,NK Maribor (SVN),,Defender,4,20/12/2001,188,,,,
Tunisia,right_only,unmatched,,,Raed Chikhaoui,CHIKHAOUI Raed,,US Monastir (TUN),,Defender,24,09/06/2004,191,,,,
Tunisia,right_only,unmatched,,,Rani Khedira,KHEDIRA Rani,,1. FC Union Berlin (GER),,Midfielder,13,27/01/1994,188,,,,
Tunisia,right_only,unmatched,,,Rayan Elloumi,ELLOUMI Rayan,,Vancouver Whitecaps FC (CAN),,Forward,18,17/09/2007,180,,,,
Tunisia,right_only,unmatched,,,Sabri Ben Hessen,BEN HESSEN Sabri,,Étoile Du Sahel (TUN),,Goalkeeper,22,13/06/1996,189,,,,
Tunisia,right_only,unmatched,,,Sebastian Tounekti,TOUNEKTI Sebastian,,Celtic FC (SCO),,Midfielder,26,13/07/2002,182,,,,
Turkey,right_only,unmatched,,,Deniz Gul,GUL Deniz,,FC Porto (POR),,Forward,9,02/07/2004,192,,,,
Turkey,right_only,unmatched,,,Eren Elmali,ELMALI Eren,,Galatasaray SK (TUR),,Defender,13,07/07/2000,181,,,,
Turkey,right_only,unmatched,,,Oguz Aydin,AYDIN Oguz,,Fenerbahçe SK (TUR),,Forward,24,27/10/2000,183,,,,
Turkey,right_only,unmatched,,,Ozan Kabak,KABAK Ozan,,TSG Hoffenheim (GER),,Defender,15,25/03/2000,187,,,,
Turkey,right_only,unmatched,,,Samet Akaydin,AKAYDIN Samet,,Çaykur Rizespor (TUR),,Defender,25,13/03/1994,190,,,,
United States,right_only,unmatched,,,Alex Freeman,FREEMAN Alex,,Villarreal CF (ESP),,Defender,16,09/08/2004,188,,,,
United States,right_only,unmatched,,,Alex Zendejas,ZENDEJAS Alex,,Club América (MEX),,Forward,26,07/02/1998,167,,,,
United States,right_only,unmatched,,,Auston Trusty,TRUSTY Auston,,Celtic FC (SCO),,Defender,6,12/08/1998,190,,,,
United States,right_only,unmatched,,,Chris Brady,BRADY Chris,,Chicago Fire FC (USA),,Goalkeeper,25,03/03/2004,193,,,,
United States,right_only,unmatched,,,Cristian Roldan,ROLDAN Cristian,,Seattle Sounders FC (USA),,Midfielder,15,03/06/1995,173,,,,
United States,right_only,unmatched,,,Matt Freese,FREESE Matt,,New York City FC (USA),,Goalkeeper,24,02/09/1998,198,,,,
United States,right_only,unmatched,,,Max Arfsten,ARFSTEN Max,,Columbus Crew (USA),,Defender,18,19/04/2001,185,,,,
United States,right_only,unmatched,,,Sebastian Berhalter,BERHALTER Sebastian,,Vancouver Whitecaps FC (CAN),,Midfielder,14,10/05/2001,175,,,,
Uzbekistan,right_only,unmatched,,,Akmal Mozgovoy,MOZGOVOY Akmal,,Pakhtakor Tashkent FK (UZB),,Midfielder,6,02/04/1999,180,,,,
Uzbekistan,right_only,unmatched,,,Avazbek Ulmasaliyev,ULMASALIYEV Avazbek,,OKMK FK (UZB),,Defender,25,27/03/2000,187,,,,
Uzbekistan,right_only,unmatched,,,Azizjon Ganiev,GANIEV Azizjon,,Al Bataeh Club (UAE),,Midfielder,19,22/02/1998,178,,,,
Uzbekistan,right_only,unmatched,,,Behruzjon Karimov,KARIMOV Behruzjon,,Surkhon FK (UZB),,Defender,24,07/08/2007,172,,,,
Uzbekistan,right_only,unmatched,,,Dostonbek Khamdamov,KHAMDAMOV Dostonbek,,Pakhtakor Tashkent FK (UZB),,Midfielder,17,24/07/1996,178,,,,
Uzbekistan,right_only,unmatched,,,Jakhongir Urozov,UROZOV Jakhongir,,FK Dinamo Samarkand (UZB),,Defender,26,18/01/2004,190,,,,
Uzbekistan,right_only,unmatched,,,Khojiakbar Alijonov,ALIJONOV Khojiakbar,,Pakhtakor Tashkent FK (UZB),,Defender,3,19/04/1997,180,,,,
Uzbekistan,right_only,unmatched,,,Sherzod Esanov,ESANOV Sherzod,,FK Buxoro (UZB),,Midfielder,23,01/02/2003,190,,,,
