referee,nationality,tm_id,matches,yellow_cards,yellow_red,red_cards,yellow_per_match,red_per_match
AL JASSIM Abdulrahman,QAT,,,,,,,
AL TURAIS Khalid,KSA,,,,,,,
ARAKI Yusuke,JPN,,,,,,,
ARTAN Omar Abdulkadir,SOM,,,,,,,
ATCHO Pierre,GAB,,,,,,,
BARTON Ivan,SLV,,,,,,,
BEIDA Dahane,MTN,,,,,,,
BENITEZ Juan Gabriel,PAR,,,,,,,
CALDERON Juan,CRC,,,,,,,
CLAUS Raphael,BRA,,,,,,,
ELFATH Ismail,USA,,,,,,,
ESKAS Espen,NOR,,,,,,,
FAGHANI Alireza,AUS,,,,,,,
FALCON PEREZ Yael,ARG,,,,,,,
FISCHER Drew,CAN,,,,,,,
GARAY Cristian,CHI,,,,,,,
GARCIA Katia,MEX,,,,,,,
GHORBAL Mustapha,ALG,,,,,,,
HERNANDEZ Alejandro,ESP,,,,,,,
HERRERA Dario,ARG,,,,,,,
JAYED Jalal,MAR,,,,,,,
KAWANA-WAUGH Campbell-Kirk,NZL,,,,,,,
KOVACS Istvan,ROU,,,,,,,
LETEXIER Francois,FRA,,,,,,,
MA Ning,CHN,,,,,,,
MAKHADMEH Adham,JOR,,,,,,,
MAKKELIE Danny,NED,,,,,,,
MARCINIAK Szymon,POL,,,,,,,
MARIANI Maurizio,ITA,,,,,,,
MARTINEZ Hector Said,HON,,,,,,,
MOHAMED Amin,EGY,,,,,,,
NATION Oshane,JAM,,,,,,,
NYBERG Glenn,SWE,,,,,,,
OLIVER Michael,ENG,,,,,,,
OMAR AL ALI,UAE,,,,,,,
ORTEGA Kevin,PER,,,,,,,
PENSO Tori,USA,,,,,,,
PINHEIRO Joao,POR,,,,,,,
RAMON ABATTI,BRA,,,,,,,
RAMOS Cesar,MEX,,,,,,,
ROJAS Andres,COL,,,,,,,
SCHAERER Sandro,SUI,,,,,,,
TANTASHEV Ilgiz,UZB,,,,,,,
TAYLOR Anthony,ENG,,,,,,,
TEJERA Gustavo,URU,,,,,,,
TELLO Facundo,ARG,,,,,,,
TOM Abongile,RSA,,,,,,,
TURPIN Clement,FRA,,,,,,,
VALENZUELA Jesus,VEN,,,,,,,
VINCIC Slavko,SVN,,,,,,,
WILTON SAMPAIO,BRA,,,,,,,
ZWAYER Felix,GER,,,,,,,
