date,home_team,away_team,market,selection,line,registry_market_key,registry_display_name,market_family,model_status,trained_directly,validation_status,betting_status,stake_allowed,default_tracking_action,model_probability,fair_odds,min_odds_ev5,min_odds_ev10,min_odds_ev15,source_model,model_confidence,registry_probability_source,fiabilidad_pct,fiabilidad_nivel,model_regime,poisson_weight,notes,registry_notes,next_step
2026-06-14,Netherlands,Japan,btts,No,,btts,Both teams to score,goals,trained_direct,True,paper_tracking,paper_only,False,paper_track,0.5086,1.966,2.064,2.163,2.261,ensemble_btts,high,xgb_btts + poisson_goals ensemble,93.0,MUY ALTA,xgb_lean,0.25,,"Direct model exists and ECE is acceptable, but repo has no BTTS odds rows for EV/backtest yet.","Collect BTTS odds, rerun multi_market_ev, then run a dedicated BTTS backtest before staking."
2026-06-14,Netherlands,Japan,btts,Yes,,btts,Both teams to score,goals,trained_direct,True,paper_tracking,paper_only,False,paper_track,0.4914,2.035,2.137,2.239,2.34,ensemble_btts,high,xgb_btts + poisson_goals ensemble,93.0,MUY ALTA,xgb_lean,0.25,,"Direct model exists and ECE is acceptable, but repo has no BTTS odds rows for EV/backtest yet.","Collect BTTS odds, rerun multi_market_ev, then run a dedicated BTTS backtest before staking."
2026-06-27,Panama,England,btts,No,,btts,Both teams to score,goals,trained_direct,True,paper_tracking,paper_only,False,paper_track,0.5531,1.808,1.898,1.989,2.079,ensemble_btts,high,xgb_btts + poisson_goals ensemble,87.9,MUY ALTA,poisson_lean,0.8,,"Direct model exists and ECE is acceptable, but repo has no BTTS odds rows for EV/backtest yet.","Collect BTTS odds, rerun multi_market_ev, then run a dedicated BTTS backtest before staking."
2026-06-27,Panama,England,btts,Yes,,btts,Both teams to score,goals,trained_direct,True,paper_tracking,paper_only,False,paper_track,0.4469,2.238,2.35,2.461,2.573,ensemble_btts,high,xgb_btts + poisson_goals ensemble,87.9,MUY ALTA,poisson_lean,0.8,,"Direct model exists and ECE is acceptable, but repo has no BTTS odds rows for EV/backtest yet.","Collect BTTS odds, rerun multi_market_ev, then run a dedicated BTTS backtest before staking."
2026-06-26,Norway,France,btts,No,,btts,Both teams to score,goals,trained_direct,True,paper_tracking,paper_only,False,paper_track,0.5174,1.933,2.029,2.126,2.223,ensemble_btts,high,xgb_btts + poisson_goals ensemble,86.6,MUY ALTA,blend,0.4484,,"Direct model exists and ECE is acceptable, but repo has no BTTS odds rows for EV/backtest yet.","Collect BTTS odds, rerun multi_market_ev, then run a dedicated BTTS backtest before staking."
2026-06-26,Norway,France,btts,Yes,,btts,Both teams to score,goals,trained_direct,True,paper_tracking,paper_only,False,paper_track,0.4826,2.072,2.176,2.279,2.383,ensemble_btts,high,xgb_btts + poisson_goals ensemble,86.6,MUY ALTA,blend,0.4484,,"Direct model exists and ECE is acceptable, but repo has no BTTS odds rows for EV/backtest yet.","Collect BTTS odds, rerun multi_market_ev, then run a dedicated BTTS backtest before staking."
2026-06-19,Scotland,Morocco,btts,No,,btts,Both teams to score,goals,trained_direct,True,paper_tracking,paper_only,False,paper_track,0.5123,1.952,2.05,2.147,2.245,ensemble_btts,high,xgb_btts + poisson_goals ensemble,81.2,MUY ALTA,blend,0.4046,,"Direct model exists and ECE is acceptable, but repo has no BTTS odds rows for EV/backtest yet.","Collect BTTS odds, rerun multi_market_ev, then run a dedicated BTTS backtest before staking."
2026-06-19,Scotland,Morocco,btts,Yes,,btts,Both teams to score,goals,trained_direct,True,paper_tracking,paper_only,False,paper_track,0.4877,2.05,2.153,2.255,2.358,ensemble_btts,high,xgb_btts + poisson_goals ensemble,81.2,MUY ALTA,blend,0.4046,,"Direct model exists and ECE is acceptable, but repo has no BTTS odds rows for EV/backtest yet.","Collect BTTS odds, rerun multi_market_ev, then run a dedicated BTTS backtest before staking."
2026-06-17,England,Croatia,btts,Yes,,btts,Both teams to score,goals,trained_direct,True,paper_tracking,paper_only,False,paper_track,0.553,1.808,1.899,1.989,2.08,ensemble_btts,high,xgb_btts + poisson_goals ensemble,79.5,ALTA,xgb_lean,0.25,,"Direct model exists and ECE is acceptable, but repo has no BTTS odds rows for EV/backtest yet.","Collect BTTS odds, rerun multi_market_ev, then run a dedicated BTTS backtest before staking."
2026-06-17,England,Croatia,btts,No,,btts,Both teams to score,goals,trained_direct,True,paper_tracking,paper_only,False,paper_track,0.447,2.237,2.349,2.461,2.573,ensemble_btts,high,xgb_btts + poisson_goals ensemble,79.5,ALTA,xgb_lean,0.25,,"Direct model exists and ECE is acceptable, but repo has no BTTS odds rows for EV/backtest yet.","Collect BTTS odds, rerun multi_market_ev, then run a dedicated BTTS backtest before staking."
2026-06-27,Colombia,Portugal,btts,Yes,,btts,Both teams to score,goals,trained_direct,True,paper_tracking,paper_only,False,paper_track,0.5114,1.955,2.053,2.151,2.249,ensemble_btts,high,xgb_btts + poisson_goals ensemble,78.3,ALTA,xgb_lean,0.331,,"Direct model exists and ECE is acceptable, but repo has no BTTS odds rows for EV/backtest yet.","Collect BTTS odds, rerun multi_market_ev, then run a dedicated BTTS backtest before staking."
2026-06-27,Colombia,Portugal,btts,No,,btts,Both teams to score,goals,trained_direct,True,paper_tracking,paper_only,False,paper_track,0.4886,2.047,2.149,2.251,2.354,ensemble_btts,high,xgb_btts + poisson_goals ensemble,78.3,ALTA,xgb_lean,0.331,,"Direct model exists and ECE is acceptable, but repo has no BTTS odds rows for EV/backtest yet.","Collect BTTS odds, rerun multi_market_ev, then run a dedicated BTTS backtest before staking."
2026-06-18,Mexico,South Korea,btts,No,,btts,Both teams to score,goals,trained_direct,True,paper_tracking,paper_only,False,paper_track,0.5277,1.895,1.99,2.085,2.179,ensemble_btts,high,xgb_btts + poisson_goals ensemble,73.9,ALTA,xgb_lean,0.25,,"Direct model exists and ECE is acceptable, but repo has no BTTS odds rows for EV/backtest yet.","Collect BTTS odds, rerun multi_market_ev, then run a dedicated BTTS backtest before staking."
2026-06-18,Mexico,South Korea,btts,Yes,,btts,Both teams to score,goals,trained_direct,True,paper_tracking,paper_only,False,paper_track,0.4723,2.117,2.223,2.329,2.435,ensemble_btts,high,xgb_btts + poisson_goals ensemble,73.9,ALTA,xgb_lean,0.25,,"Direct model exists and ECE is acceptable, but repo has no BTTS odds rows for EV/backtest yet.","Collect BTTS odds, rerun multi_market_ev, then run a dedicated BTTS backtest before staking."
2026-06-18,Switzerland,Bosnia and Herzegovina,btts,No,,btts,Both teams to score,goals,trained_direct,True,paper_tracking,paper_only,False,paper_track,0.5279,1.894,1.989,2.084,2.178,ensemble_btts,high,xgb_btts + poisson_goals ensemble,73.5,ALTA,blend,0.4823,,"Direct model exists and ECE is acceptable, but repo has no BTTS odds rows for EV/backtest yet.","Collect BTTS odds, rerun multi_market_ev, then run a dedicated BTTS backtest before staking."
2026-06-18,Switzerland,Bosnia and Herzegovina,btts,Yes,,btts,Both teams to score,goals,trained_direct,True,paper_tracking,paper_only,False,paper_track,0.4721,2.118,2.224,2.33,2.436,ensemble_btts,high,xgb_btts + poisson_goals ensemble,73.5,ALTA,blend,0.4823,,"Direct model exists and ECE is acceptable, but repo has no BTTS odds rows for EV/backtest yet.","Collect BTTS odds, rerun multi_market_ev, then run a dedicated BTTS backtest before staking."
2026-06-23,Panama,Croatia,btts,No,,btts,Both teams to score,goals,trained_direct,True,paper_tracking,paper_only,False,paper_track,0.5385,1.857,1.95,2.043,2.136,ensemble_btts,high,xgb_btts + poisson_goals ensemble,73.1,ALTA,blend,0.6282,,"Direct model exists and ECE is acceptable, but repo has no BTTS odds rows for EV/backtest yet.","Collect BTTS odds, rerun multi_market_ev, then run a dedicated BTTS backtest before staking."
2026-06-23,Panama,Croatia,btts,Yes,,btts,Both teams to score,goals,trained_direct,True,paper_tracking,paper_only,False,paper_track,0.4615,2.167,2.275,2.384,2.492,ensemble_btts,high,xgb_btts + poisson_goals ensemble,73.1,ALTA,blend,0.6282,,"Direct model exists and ECE is acceptable, but repo has no BTTS odds rows for EV/backtest yet.","Collect BTTS odds, rerun multi_market_ev, then run a dedicated BTTS backtest before staking."
2026-06-19,United States,Australia,btts,Yes,,btts,Both teams to score,goals,trained_direct,True,paper_tracking,paper_only,False,paper_track,0.5038,1.985,2.084,2.183,2.283,ensemble_btts,high,xgb_btts + poisson_goals ensemble,72.2,ALTA,xgb_lean,0.3239,,"Direct model exists and ECE is acceptable, but repo has no BTTS odds rows for EV/backtest yet.","Collect BTTS odds, rerun multi_market_ev, then run a dedicated BTTS backtest before staking."
2026-06-19,United States,Australia,btts,No,,btts,Both teams to score,goals,trained_direct,True,paper_tracking,paper_only,False,paper_track,0.4962,2.015,2.116,2.217,2.318,ensemble_btts,high,xgb_btts + poisson_goals ensemble,72.2,ALTA,xgb_lean,0.3239,,"Direct model exists and ECE is acceptable, but repo has no BTTS odds rows for EV/backtest yet.","Collect BTTS odds, rerun multi_market_ev, then run a dedicated BTTS backtest before staking."
2026-06-27,Algeria,Austria,btts,Yes,,btts,Both teams to score,goals,trained_direct,True,paper_tracking,paper_only,False,paper_track,0.5311,1.883,1.977,2.071,2.165,ensemble_btts,high,xgb_btts + poisson_goals ensemble,71.9,ALTA,xgb_lean,0.25,,"Direct model exists and ECE is acceptable, but repo has no BTTS odds rows for EV/backtest yet.","Collect BTTS odds, rerun multi_market_ev, then run a dedicated BTTS backtest before staking."
2026-06-27,Algeria,Austria,btts,No,,btts,Both teams to score,goals,trained_direct,True,paper_tracking,paper_only,False,paper_track,0.4689,2.133,2.239,2.346,2.453,ensemble_btts,high,xgb_btts + poisson_goals ensemble,71.9,ALTA,xgb_lean,0.25,,"Direct model exists and ECE is acceptable, but repo has no BTTS odds rows for EV/backtest yet.","Collect BTTS odds, rerun multi_market_ev, then run a dedicated BTTS backtest before staking."
2026-06-25,Turkey,United States,btts,Yes,,btts,Both teams to score,goals,trained_direct,True,paper_tracking,paper_only,False,paper_track,0.5127,1.95,2.048,2.146,2.243,ensemble_btts,high,xgb_btts + poisson_goals ensemble,71.6,ALTA,xgb_lean,0.25,,"Direct model exists and ECE is acceptable, but repo has no BTTS odds rows for EV/backtest yet.","Collect BTTS odds, rerun multi_market_ev, then run a dedicated BTTS backtest before staking."
2026-06-25,Turkey,United States,btts,No,,btts,Both teams to score,goals,trained_direct,True,paper_tracking,paper_only,False,paper_track,0.4873,2.052,2.155,2.257,2.36,ensemble_btts,high,xgb_btts + poisson_goals ensemble,71.6,ALTA,xgb_lean,0.25,,"Direct model exists and ECE is acceptable, but repo has no BTTS odds rows for EV/backtest yet.","Collect BTTS odds, rerun multi_market_ev, then run a dedicated BTTS backtest before staking."
2026-06-24,Czech Republic,Mexico,btts,No,,btts,Both teams to score,goals,trained_direct,True,paper_tracking,paper_only,False,paper_track,0.5354,1.868,1.961,2.055,2.148,ensemble_btts,high,xgb_btts + poisson_goals ensemble,70.6,ALTA,xgb_lean,0.2612,,"Direct model exists and ECE is acceptable, but repo has no BTTS odds rows for EV/backtest yet.","Collect BTTS odds, rerun multi_market_ev, then run a dedicated BTTS backtest before staking."
2026-06-24,Czech Republic,Mexico,btts,Yes,,btts,Both teams to score,goals,trained_direct,True,paper_tracking,paper_only,False,paper_track,0.4646,2.152,2.26,2.368,2.475,ensemble_btts,high,xgb_btts + poisson_goals ensemble,70.6,ALTA,xgb_lean,0.2612,,"Direct model exists and ECE is acceptable, but repo has no BTTS odds rows for EV/backtest yet.","Collect BTTS odds, rerun multi_market_ev, then run a dedicated BTTS backtest before staking."
2026-06-13,Australia,Turkey,btts,No,,btts,Both teams to score,goals,trained_direct,True,paper_tracking,paper_only,False,paper_track,0.5126,1.951,2.048,2.146,2.243,ensemble_btts,high,xgb_btts + poisson_goals ensemble,69.3,ALTA,xgb_lean,0.3147,,"Direct model exists and ECE is acceptable, but repo has no BTTS odds rows for EV/backtest yet.","Collect BTTS odds, rerun multi_market_ev, then run a dedicated BTTS backtest before staking."
2026-06-13,Australia,Turkey,btts,Yes,,btts,Both teams to score,goals,trained_direct,True,paper_tracking,paper_only,False,paper_track,0.4874,2.052,2.154,2.257,2.359,ensemble_btts,high,xgb_btts + poisson_goals ensemble,69.3,ALTA,xgb_lean,0.3147,,"Direct model exists and ECE is acceptable, but repo has no BTTS odds rows for EV/backtest yet.","Collect BTTS odds, rerun multi_market_ev, then run a dedicated BTTS backtest before staking."
2026-06-25,Ecuador,Germany,btts,No,,btts,Both teams to score,goals,trained_direct,True,paper_tracking,paper_only,False,paper_track,0.5272,1.897,1.992,2.086,2.181,ensemble_btts,medium,xgb_btts + poisson_goals ensemble,69.1,ALTA,xgb_lean,0.25,,"Direct model exists and ECE is acceptable, but repo has no BTTS odds rows for EV/backtest yet.","Collect BTTS odds, rerun multi_market_ev, then run a dedicated BTTS backtest before staking."
2026-06-25,Ecuador,Germany,btts,Yes,,btts,Both teams to score,goals,trained_direct,True,paper_tracking,paper_only,False,paper_track,0.4728,2.115,2.221,2.327,2.432,ensemble_btts,medium,xgb_btts + poisson_goals ensemble,69.1,ALTA,xgb_lean,0.25,,"Direct model exists and ECE is acceptable, but repo has no BTTS odds rows for EV/backtest yet.","Collect BTTS odds, rerun multi_market_ev, then run a dedicated BTTS backtest before staking."
2026-06-14,Germany,Curacao,btts,No,,btts,Both teams to score,goals,trained_direct,True,paper_tracking,paper_only,False,paper_track,0.5148,1.943,2.04,2.137,2.234,ensemble_btts,high,xgb_btts + poisson_goals ensemble,67.7,ALTA,poisson_lean,0.8,,"Direct model exists and ECE is acceptable, but repo has no BTTS odds rows for EV/backtest yet.","Collect BTTS odds, rerun multi_market_ev, then run a dedicated BTTS backtest before staking."
2026-06-14,Germany,Curacao,btts,Yes,,btts,Both teams to score,goals,trained_direct,True,paper_tracking,paper_only,False,paper_track,0.4852,2.061,2.164,2.267,2.37,ensemble_btts,high,xgb_btts + poisson_goals ensemble,67.7,ALTA,poisson_lean,0.8,,"Direct model exists and ECE is acceptable, but repo has no BTTS odds rows for EV/backtest yet.","Collect BTTS odds, rerun multi_market_ev, then run a dedicated BTTS backtest before staking."
2026-06-11,South Korea,Czech Republic,btts,No,,btts,Both teams to score,goals,trained_direct,True,paper_tracking,paper_only,False,paper_track,0.5155,1.94,2.037,2.134,2.231,ensemble_btts,high,xgb_btts + poisson_goals ensemble,67.6,ALTA,xgb_lean,0.25,,"Direct model exists and ECE is acceptable, but repo has no BTTS odds rows for EV/backtest yet.","Collect BTTS odds, rerun multi_market_ev, then run a dedicated BTTS backtest before staking."
2026-06-11,South Korea,Czech Republic,btts,Yes,,btts,Both teams to score,goals,trained_direct,True,paper_tracking,paper_only,False,paper_track,0.4845,2.064,2.167,2.27,2.374,ensemble_btts,high,xgb_btts + poisson_goals ensemble,67.6,ALTA,xgb_lean,0.25,,"Direct model exists and ECE is acceptable, but repo has no BTTS odds rows for EV/backtest yet.","Collect BTTS odds, rerun multi_market_ev, then run a dedicated BTTS backtest before staking."
2026-06-21,Belgium,Iran,btts,Yes,,btts,Both teams to score,goals,trained_direct,True,paper_tracking,paper_only,False,paper_track,0.5124,1.952,2.049,2.147,2.244,ensemble_btts,medium,xgb_btts + poisson_goals ensemble,67.0,ALTA,blend,0.4991,,"Direct model exists and ECE is acceptable, but repo has no BTTS odds rows for EV/backtest yet.","Collect BTTS odds, rerun multi_market_ev, then run a dedicated BTTS backtest before staking."
2026-06-21,Belgium,Iran,btts,No,,btts,Both teams to score,goals,trained_direct,True,paper_tracking,paper_only,False,paper_track,0.4876,2.051,2.153,2.256,2.358,ensemble_btts,medium,xgb_btts + poisson_goals ensemble,67.0,ALTA,blend,0.4991,,"Direct model exists and ECE is acceptable, but repo has no BTTS odds rows for EV/backtest yet.","Collect BTTS odds, rerun multi_market_ev, then run a dedicated BTTS backtest before staking."
2026-06-12,United States,Paraguay,btts,No,,btts,Both teams to score,goals,trained_direct,True,paper_tracking,paper_only,False,paper_track,0.5139,1.946,2.043,2.14,2.238,ensemble_btts,high,xgb_btts + poisson_goals ensemble,66.4,ALTA,xgb_lean,0.25,,"Direct model exists and ECE is acceptable, but repo has no BTTS odds rows for EV/backtest yet.","Collect BTTS odds, rerun multi_market_ev, then run a dedicated BTTS backtest before staking."
2026-06-12,United States,Paraguay,btts,Yes,,btts,Both teams to score,goals,trained_direct,True,paper_tracking,paper_only,False,paper_track,0.4861,2.057,2.16,2.263,2.366,ensemble_btts,high,xgb_btts + poisson_goals ensemble,66.4,ALTA,xgb_lean,0.25,,"Direct model exists and ECE is acceptable, but repo has no BTTS odds rows for EV/backtest yet.","Collect BTTS odds, rerun multi_market_ev, then run a dedicated BTTS backtest before staking."
2026-06-23,Portugal,Uzbekistan,btts,No,,btts,Both teams to score,goals,trained_direct,True,paper_tracking,paper_only,False,paper_track,0.5145,1.944,2.041,2.138,2.235,ensemble_btts,high,xgb_btts + poisson_goals ensemble,64.7,MEDIA,poisson_lean,0.7714,,"Direct model exists and ECE is acceptable, but repo has no BTTS odds rows for EV/backtest yet.","Collect BTTS odds, rerun multi_market_ev, then run a dedicated BTTS backtest before staking."
2026-06-23,Portugal,Uzbekistan,btts,Yes,,btts,Both teams to score,goals,trained_direct,True,paper_tracking,paper_only,False,paper_track,0.4855,2.06,2.163,2.266,2.369,ensemble_btts,high,xgb_btts + poisson_goals ensemble,64.7,MEDIA,poisson_lean,0.7714,,"Direct model exists and ECE is acceptable, but repo has no BTTS odds rows for EV/backtest yet.","Collect BTTS odds, rerun multi_market_ev, then run a dedicated BTTS backtest before staking."
2026-06-25,Paraguay,Australia,btts,No,,btts,Both teams to score,goals,trained_direct,True,paper_tracking,paper_only,False,paper_track,0.556,1.799,1.888,1.978,2.068,ensemble_btts,high,xgb_btts + poisson_goals ensemble,64.2,MEDIA,xgb_lean,0.25,,"Direct model exists and ECE is acceptable, but repo has no BTTS odds rows for EV/backtest yet.","Collect BTTS odds, rerun multi_market_ev, then run a dedicated BTTS backtest before staking."
2026-06-25,Paraguay,Australia,btts,Yes,,btts,Both teams to score,goals,trained_direct,True,paper_tracking,paper_only,False,paper_track,0.444,2.252,2.365,2.477,2.59,ensemble_btts,high,xgb_btts + poisson_goals ensemble,64.2,MEDIA,xgb_lean,0.25,,"Direct model exists and ECE is acceptable, but repo has no BTTS odds rows for EV/backtest yet.","Collect BTTS odds, rerun multi_market_ev, then run a dedicated BTTS backtest before staking."
2026-06-20,Ecuador,Curacao,btts,No,,btts,Both teams to score,goals,trained_direct,True,paper_tracking,paper_only,False,paper_track,0.565,1.77,1.858,1.947,2.035,ensemble_btts,high,xgb_btts + poisson_goals ensemble,63.7,MEDIA,poisson_lean,0.8,,"Direct model exists and ECE is acceptable, but repo has no BTTS odds rows for EV/backtest yet.","Collect BTTS odds, rerun multi_market_ev, then run a dedicated BTTS backtest before staking."
2026-06-19,Turkey,Paraguay,btts,No,,btts,Both teams to score,goals,trained_direct,True,paper_tracking,paper_only,False,paper_track,0.5481,1.824,1.916,2.007,2.098,ensemble_btts,high,xgb_btts + poisson_goals ensemble,63.5,MEDIA,xgb_lean,0.25,,"Direct model exists and ECE is acceptable, but repo has no BTTS odds rows for EV/backtest yet.","Collect BTTS odds, rerun multi_market_ev, then run a dedicated BTTS backtest before staking."
2026-06-19,Turkey,Paraguay,btts,Yes,,btts,Both teams to score,goals,trained_direct,True,paper_tracking,paper_only,False,paper_track,0.4519,2.213,2.324,2.434,2.545,ensemble_btts,high,xgb_btts + poisson_goals ensemble,63.5,MEDIA,xgb_lean,0.25,,"Direct model exists and ECE is acceptable, but repo has no BTTS odds rows for EV/backtest yet.","Collect BTTS odds, rerun multi_market_ev, then run a dedicated BTTS backtest before staking."
2026-06-18,Canada,Qatar,btts,No,,btts,Both teams to score,goals,trained_direct,True,paper_tracking,paper_only,False,paper_track,0.6303,1.587,1.666,1.745,1.825,ensemble_btts,high,xgb_btts + poisson_goals ensemble,63.1,MEDIA,blend,0.6605,,"Direct model exists and ECE is acceptable, but repo has no BTTS odds rows for EV/backtest yet.","Collect BTTS odds, rerun multi_market_ev, then run a dedicated BTTS backtest before staking."
2026-06-27,Jordan,Argentina,btts,No,,btts,Both teams to score,goals,trained_direct,True,paper_tracking,paper_only,False,paper_track,0.5693,1.757,1.844,1.932,2.02,ensemble_btts,high,xgb_btts + poisson_goals ensemble,62.2,MEDIA,poisson_lean,0.8,,"Direct model exists and ECE is acceptable, but repo has no BTTS odds rows for EV/backtest yet.","Collect BTTS odds, rerun multi_market_ev, then run a dedicated BTTS backtest before staking."
2026-06-13,Brazil,Morocco,btts,No,,btts,Both teams to score,goals,trained_direct,True,paper_tracking,paper_only,False,paper_track,0.5042,1.983,2.083,2.182,2.281,ensemble_btts,high,xgb_btts + poisson_goals ensemble,62.2,MEDIA,xgb_lean,0.25,,"Direct model exists and ECE is acceptable, but repo has no BTTS odds rows for EV/backtest yet.","Collect BTTS odds, rerun multi_market_ev, then run a dedicated BTTS backtest before staking."
2026-06-13,Brazil,Morocco,btts,Yes,,btts,Both teams to score,goals,trained_direct,True,paper_tracking,paper_only,False,paper_track,0.4958,2.017,2.118,2.219,2.319,ensemble_btts,high,xgb_btts + poisson_goals ensemble,62.2,MEDIA,xgb_lean,0.25,,"Direct model exists and ECE is acceptable, but repo has no BTTS odds rows for EV/backtest yet.","Collect BTTS odds, rerun multi_market_ev, then run a dedicated BTTS backtest before staking."
2026-06-17,Ghana,Panama,btts,No,,btts,Both teams to score,goals,trained_direct,True,paper_tracking,paper_only,False,paper_track,0.5538,1.806,1.896,1.986,2.077,ensemble_btts,high,xgb_btts + poisson_goals ensemble,62.1,MEDIA,xgb_lean,0.25,,"Direct model exists and ECE is acceptable, but repo has no BTTS odds rows for EV/backtest yet.","Collect BTTS odds, rerun multi_market_ev, then run a dedicated BTTS backtest before staking."
2026-06-17,Ghana,Panama,btts,Yes,,btts,Both teams to score,goals,trained_direct,True,paper_tracking,paper_only,False,paper_track,0.4462,2.241,2.353,2.465,2.577,ensemble_btts,high,xgb_btts + poisson_goals ensemble,62.1,MEDIA,xgb_lean,0.25,,"Direct model exists and ECE is acceptable, but repo has no BTTS odds rows for EV/backtest yet.","Collect BTTS odds, rerun multi_market_ev, then run a dedicated BTTS backtest before staking."
2026-06-24,Bosnia and Herzegovina,Qatar,btts,No,,btts,Both teams to score,goals,trained_direct,True,paper_tracking,paper_only,False,paper_track,0.5377,1.86,1.953,2.046,2.139,ensemble_btts,high,xgb_btts + poisson_goals ensemble,61.6,MEDIA,xgb_lean,0.3151,,"Direct model exists and ECE is acceptable, but repo has no BTTS odds rows for EV/backtest yet.","Collect BTTS odds, rerun multi_market_ev, then run a dedicated BTTS backtest before staking."
2026-06-16,Austria,Jordan,btts,No,,btts,Both teams to score,goals,trained_direct,True,paper_tracking,paper_only,False,paper_track,0.5305,1.885,1.979,2.074,2.168,ensemble_btts,high,xgb_btts + poisson_goals ensemble,61.6,MEDIA,poisson_lean,0.8,,"Direct model exists and ECE is acceptable, but repo has no BTTS odds rows for EV/backtest yet.","Collect BTTS odds, rerun multi_market_ev, then run a dedicated BTTS backtest before staking."
2026-06-16,Austria,Jordan,btts,Yes,,btts,Both teams to score,goals,trained_direct,True,paper_tracking,paper_only,False,paper_track,0.4695,2.13,2.236,2.343,2.449,ensemble_btts,high,xgb_btts + poisson_goals ensemble,61.6,MEDIA,poisson_lean,0.8,,"Direct model exists and ECE is acceptable, but repo has no BTTS odds rows for EV/backtest yet.","Collect BTTS odds, rerun multi_market_ev, then run a dedicated BTTS backtest before staking."
2026-06-24,Bosnia and Herzegovina,Qatar,btts,Yes,,btts,Both teams to score,goals,trained_direct,True,paper_tracking,paper_only,False,paper_track,0.4623,2.163,2.271,2.379,2.488,ensemble_btts,high,xgb_btts + poisson_goals ensemble,61.6,MEDIA,xgb_lean,0.3151,,"Direct model exists and ECE is acceptable, but repo has no BTTS odds rows for EV/backtest yet.","Collect BTTS odds, rerun multi_market_ev, then run a dedicated BTTS backtest before staking."
2026-06-17,Uzbekistan,Colombia,btts,No,,btts,Both teams to score,goals,trained_direct,True,paper_tracking,paper_only,False,paper_track,0.5279,1.894,1.989,2.084,2.178,ensemble_btts,high,xgb_btts + poisson_goals ensemble,60.4,MEDIA,blend,0.4154,,"Direct model exists and ECE is acceptable, but repo has no BTTS odds rows for EV/backtest yet.","Collect BTTS odds, rerun multi_market_ev, then run a dedicated BTTS backtest before staking."
2026-06-17,Uzbekistan,Colombia,btts,Yes,,btts,Both teams to score,goals,trained_direct,True,paper_tracking,paper_only,False,paper_track,0.4721,2.118,2.224,2.33,2.436,ensemble_btts,high,xgb_btts + poisson_goals ensemble,60.4,MEDIA,blend,0.4154,,"Direct model exists and ECE is acceptable, but repo has no BTTS odds rows for EV/backtest yet.","Collect BTTS odds, rerun multi_market_ev, then run a dedicated BTTS backtest before staking."
2026-06-15,Iran,New Zealand,btts,No,,btts,Both teams to score,goals,trained_direct,True,paper_tracking,paper_only,False,paper_track,0.5791,1.727,1.813,1.899,1.986,ensemble_btts,high,xgb_btts + poisson_goals ensemble,59.6,MEDIA,xgb_lean,0.25,,"Direct model exists and ECE is acceptable, but repo has no BTTS odds rows for EV/backtest yet.","Collect BTTS odds, rerun multi_market_ev, then run a dedicated BTTS backtest before staking."
2026-06-14,Sweden,Tunisia,btts,No,,btts,Both teams to score,goals,trained_direct,True,paper_tracking,paper_only,False,paper_track,0.5182,1.93,2.026,2.123,2.219,ensemble_btts,high,xgb_btts + poisson_goals ensemble,59.5,MEDIA,xgb_lean,0.2837,,"Direct model exists and ECE is acceptable, but repo has no BTTS odds rows for EV/backtest yet.","Collect BTTS odds, rerun multi_market_ev, then run a dedicated BTTS backtest before staking."
2026-06-14,Sweden,Tunisia,btts,Yes,,btts,Both teams to score,goals,trained_direct,True,paper_tracking,paper_only,False,paper_track,0.4818,2.076,2.179,2.283,2.387,ensemble_btts,high,xgb_btts + poisson_goals ensemble,59.5,MEDIA,xgb_lean,0.2837,,"Direct model exists and ECE is acceptable, but repo has no BTTS odds rows for EV/backtest yet.","Collect BTTS odds, rerun multi_market_ev, then run a dedicated BTTS backtest before staking."
2026-06-24,Switzerland,Canada,btts,No,,btts,Both teams to score,goals,trained_direct,True,paper_tracking,paper_only,False,paper_track,0.5051,1.98,2.079,2.178,2.277,ensemble_btts,high,xgb_btts + poisson_goals ensemble,57.5,MEDIA,xgb_lean,0.25,,"Direct model exists and ECE is acceptable, but repo has no BTTS odds rows for EV/backtest yet.","Collect BTTS odds, rerun multi_market_ev, then run a dedicated BTTS backtest before staking."
2026-06-24,Switzerland,Canada,btts,Yes,,btts,Both teams to score,goals,trained_direct,True,paper_tracking,paper_only,False,paper_track,0.4949,2.021,2.122,2.223,2.324,ensemble_btts,high,xgb_btts + poisson_goals ensemble,57.5,MEDIA,xgb_lean,0.25,,"Direct model exists and ECE is acceptable, but repo has no BTTS odds rows for EV/backtest yet.","Collect BTTS odds, rerun multi_market_ev, then run a dedicated BTTS backtest before staking."
2026-06-26,Cape Verde,Saudi Arabia,btts,No,,btts,Both teams to score,goals,trained_direct,True,paper_tracking,paper_only,False,paper_track,0.5172,1.933,2.03,2.127,2.224,ensemble_btts,high,xgb_btts + poisson_goals ensemble,57.0,MEDIA,xgb_lean,0.25,,"Direct model exists and ECE is acceptable, but repo has no BTTS odds rows for EV/backtest yet.","Collect BTTS odds, rerun multi_market_ev, then run a dedicated BTTS backtest before staking."
2026-06-26,Cape Verde,Saudi Arabia,btts,Yes,,btts,Both teams to score,goals,trained_direct,True,paper_tracking,paper_only,False,paper_track,0.4828,2.071,2.175,2.278,2.382,ensemble_btts,high,xgb_btts + poisson_goals ensemble,57.0,MEDIA,xgb_lean,0.25,,"Direct model exists and ECE is acceptable, but repo has no BTTS odds rows for EV/backtest yet.","Collect BTTS odds, rerun multi_market_ev, then run a dedicated BTTS backtest before staking."
2026-06-20,Netherlands,Sweden,btts,No,,btts,Both teams to score,goals,trained_direct,True,paper_tracking,paper_only,False,paper_track,0.527,1.898,1.992,2.087,2.182,ensemble_btts,medium,xgb_btts + poisson_goals ensemble,56.1,MEDIA,xgb_lean,0.3101,,"Direct model exists and ECE is acceptable, but repo has no BTTS odds rows for EV/backtest yet.","Collect BTTS odds, rerun multi_market_ev, then run a dedicated BTTS backtest before staking."
2026-06-20,Netherlands,Sweden,btts,Yes,,btts,Both teams to score,goals,trained_direct,True,paper_tracking,paper_only,False,paper_track,0.473,2.114,2.22,2.326,2.431,ensemble_btts,medium,xgb_btts + poisson_goals ensemble,56.1,MEDIA,xgb_lean,0.3101,,"Direct model exists and ECE is acceptable, but repo has no BTTS odds rows for EV/backtest yet.","Collect BTTS odds, rerun multi_market_ev, then run a dedicated BTTS backtest before staking."
2026-06-22,Jordan,Algeria,btts,No,,btts,Both teams to score,goals,trained_direct,True,paper_tracking,paper_only,False,paper_track,0.5,2.0,2.1,2.2,2.3,ensemble_btts,high,xgb_btts + poisson_goals ensemble,55.6,MEDIA,poisson_lean,0.8,,"Direct model exists and ECE is acceptable, but repo has no BTTS odds rows for EV/backtest yet.","Collect BTTS odds, rerun multi_market_ev, then run a dedicated BTTS backtest before staking."
2026-06-22,Jordan,Algeria,btts,Yes,,btts,Both teams to score,goals,trained_direct,True,paper_tracking,paper_only,False,paper_track,0.5,2.0,2.1,2.2,2.3,ensemble_btts,high,xgb_btts + poisson_goals ensemble,55.6,MEDIA,poisson_lean,0.8,,"Direct model exists and ECE is acceptable, but repo has no BTTS odds rows for EV/backtest yet.","Collect BTTS odds, rerun multi_market_ev, then run a dedicated BTTS backtest before staking."
2026-06-17,Portugal,DR Congo,btts,No,,btts,Both teams to score,goals,trained_direct,True,paper_tracking,paper_only,False,paper_track,0.5011,1.996,2.095,2.195,2.295,ensemble_btts,high,xgb_btts + poisson_goals ensemble,55.4,MEDIA,blend,0.5591,,"Direct model exists and ECE is acceptable, but repo has no BTTS odds rows for EV/backtest yet.","Collect BTTS odds, rerun multi_market_ev, then run a dedicated BTTS backtest before staking."
2026-06-17,Portugal,DR Congo,btts,Yes,,btts,Both teams to score,goals,trained_direct,True,paper_tracking,paper_only,False,paper_track,0.4989,2.004,2.105,2.205,2.305,ensemble_btts,high,xgb_btts + poisson_goals ensemble,55.4,MEDIA,blend,0.5591,,"Direct model exists and ECE is acceptable, but repo has no BTTS odds rows for EV/backtest yet.","Collect BTTS odds, rerun multi_market_ev, then run a dedicated BTTS backtest before staking."
2026-06-26,Uruguay,Spain,btts,No,,btts,Both teams to score,goals,trained_direct,True,paper_tracking,paper_only,False,paper_track,0.5439,1.839,1.931,2.022,2.114,ensemble_btts,medium,xgb_btts + poisson_goals ensemble,55.3,MEDIA,blend,0.5512,,"Direct model exists and ECE is acceptable, but repo has no BTTS odds rows for EV/backtest yet.","Collect BTTS odds, rerun multi_market_ev, then run a dedicated BTTS backtest before staking."
2026-06-26,Uruguay,Spain,btts,Yes,,btts,Both teams to score,goals,trained_direct,True,paper_tracking,paper_only,False,paper_track,0.4561,2.193,2.302,2.412,2.521,ensemble_btts,medium,xgb_btts + poisson_goals ensemble,55.3,MEDIA,blend,0.5512,,"Direct model exists and ECE is acceptable, but repo has no BTTS odds rows for EV/backtest yet.","Collect BTTS odds, rerun multi_market_ev, then run a dedicated BTTS backtest before staking."
2026-06-16,Argentina,Algeria,btts,No,,btts,Both teams to score,goals,trained_direct,True,paper_tracking,paper_only,False,paper_track,0.5342,1.872,1.966,2.059,2.153,ensemble_btts,high,xgb_btts + poisson_goals ensemble,55.1,MEDIA,blend,0.3952,,"Direct model exists and ECE is acceptable, but repo has no BTTS odds rows for EV/backtest yet.","Collect BTTS odds, rerun multi_market_ev, then run a dedicated BTTS backtest before staking."
2026-06-16,Argentina,Algeria,btts,Yes,,btts,Both teams to score,goals,trained_direct,True,paper_tracking,paper_only,False,paper_track,0.4658,2.147,2.254,2.362,2.469,ensemble_btts,high,xgb_btts + poisson_goals ensemble,55.1,MEDIA,blend,0.3952,,"Direct model exists and ECE is acceptable, but repo has no BTTS odds rows for EV/backtest yet.","Collect BTTS odds, rerun multi_market_ev, then run a dedicated BTTS backtest before staking."
2026-06-27,Croatia,Ghana,btts,No,,btts,Both teams to score,goals,trained_direct,True,paper_tracking,paper_only,False,paper_track,0.56,1.786,1.875,1.964,2.054,ensemble_btts,high,xgb_btts + poisson_goals ensemble,53.7,MEDIA,blend,0.3781,,"Direct model exists and ECE is acceptable, but repo has no BTTS odds rows for EV/backtest yet.","Collect BTTS odds, rerun multi_market_ev, then run a dedicated BTTS backtest before staking."
2026-06-27,Croatia,Ghana,btts,Yes,,btts,Both teams to score,goals,trained_direct,True,paper_tracking,paper_only,False,paper_track,0.44,2.273,2.386,2.5,2.614,ensemble_btts,high,xgb_btts + poisson_goals ensemble,53.7,MEDIA,blend,0.3781,,"Direct model exists and ECE is acceptable, but repo has no BTTS odds rows for EV/backtest yet.","Collect BTTS odds, rerun multi_market_ev, then run a dedicated BTTS backtest before staking."
2026-06-16,France,Senegal,btts,No,,btts,Both teams to score,goals,trained_direct,True,paper_tracking,paper_only,False,paper_track,0.5349,1.87,1.963,2.056,2.15,ensemble_btts,medium,xgb_btts + poisson_goals ensemble,53.5,MEDIA,blend,0.4539,,"Direct model exists and ECE is acceptable, but repo has no BTTS odds rows for EV/backtest yet.","Collect BTTS odds, rerun multi_market_ev, then run a dedicated BTTS backtest before staking."
2026-06-16,France,Senegal,btts,Yes,,btts,Both teams to score,goals,trained_direct,True,paper_tracking,paper_only,False,paper_track,0.4651,2.15,2.258,2.365,2.473,ensemble_btts,medium,xgb_btts + poisson_goals ensemble,53.5,MEDIA,blend,0.4539,,"Direct model exists and ECE is acceptable, but repo has no BTTS odds rows for EV/backtest yet.","Collect BTTS odds, rerun multi_market_ev, then run a dedicated BTTS backtest before staking."
2026-06-21,New Zealand,Egypt,btts,No,,btts,Both teams to score,goals,trained_direct,True,paper_tracking,paper_only,False,paper_track,0.5333,1.875,1.969,2.063,2.156,ensemble_btts,high,xgb_btts + poisson_goals ensemble,53.0,MEDIA,blend,0.4344,,"Direct model exists and ECE is acceptable, but repo has no BTTS odds rows for EV/backtest yet.","Collect BTTS odds, rerun multi_market_ev, then run a dedicated BTTS backtest before staking."
2026-06-21,New Zealand,Egypt,btts,Yes,,btts,Both teams to score,goals,trained_direct,True,paper_tracking,paper_only,False,paper_track,0.4667,2.143,2.25,2.357,2.464,ensemble_btts,high,xgb_btts + poisson_goals ensemble,53.0,MEDIA,blend,0.4344,,"Direct model exists and ECE is acceptable, but repo has no BTTS odds rows for EV/backtest yet.","Collect BTTS odds, rerun multi_market_ev, then run a dedicated BTTS backtest before staking."
2026-06-20,Germany,Ivory Coast,btts,No,,btts,Both teams to score,goals,trained_direct,True,paper_tracking,paper_only,False,paper_track,0.5451,1.835,1.926,2.018,2.11,ensemble_btts,high,xgb_btts + poisson_goals ensemble,52.2,MEDIA,xgb_lean,0.329,,"Direct model exists and ECE is acceptable, but repo has no BTTS odds rows for EV/backtest yet.","Collect BTTS odds, rerun multi_market_ev, then run a dedicated BTTS backtest before staking."
2026-06-20,Germany,Ivory Coast,btts,Yes,,btts,Both teams to score,goals,trained_direct,True,paper_tracking,paper_only,False,paper_track,0.4549,2.198,2.308,2.418,2.528,ensemble_btts,high,xgb_btts + poisson_goals ensemble,52.2,MEDIA,xgb_lean,0.329,,"Direct model exists and ECE is acceptable, but repo has no BTTS odds rows for EV/backtest yet.","Collect BTTS odds, rerun multi_market_ev, then run a dedicated BTTS backtest before staking."
2026-06-12,Canada,Bosnia and Herzegovina,btts,No,,btts,Both teams to score,goals,trained_direct,True,paper_tracking,paper_only,False,paper_track,0.5442,1.838,1.929,2.021,2.113,ensemble_btts,high,xgb_btts + poisson_goals ensemble,51.8,MEDIA,xgb_lean,0.3204,,"Direct model exists and ECE is acceptable, but repo has no BTTS odds rows for EV/backtest yet.","Collect BTTS odds, rerun multi_market_ev, then run a dedicated BTTS backtest before staking."
2026-06-12,Canada,Bosnia and Herzegovina,btts,Yes,,btts,Both teams to score,goals,trained_direct,True,paper_tracking,paper_only,False,paper_track,0.4558,2.194,2.304,2.413,2.523,ensemble_btts,high,xgb_btts + poisson_goals ensemble,51.8,MEDIA,xgb_lean,0.3204,,"Direct model exists and ECE is acceptable, but repo has no BTTS odds rows for EV/backtest yet.","Collect BTTS odds, rerun multi_market_ev, then run a dedicated BTTS backtest before staking."
2026-06-24,Scotland,Brazil,btts,No,,btts,Both teams to score,goals,trained_direct,True,paper_tracking,paper_only,False,paper_track,0.5221,1.915,2.011,2.107,2.203,ensemble_btts,high,xgb_btts + poisson_goals ensemble,51.7,MEDIA,blend,0.4947,,"Direct model exists and ECE is acceptable, but repo has no BTTS odds rows for EV/backtest yet.","Collect BTTS odds, rerun multi_market_ev, then run a dedicated BTTS backtest before staking."
2026-06-24,Scotland,Brazil,btts,Yes,,btts,Both teams to score,goals,trained_direct,True,paper_tracking,paper_only,False,paper_track,0.4779,2.092,2.197,2.302,2.406,ensemble_btts,high,xgb_btts + poisson_goals ensemble,51.7,MEDIA,blend,0.4947,,"Direct model exists and ECE is acceptable, but repo has no BTTS odds rows for EV/backtest yet.","Collect BTTS odds, rerun multi_market_ev, then run a dedicated BTTS backtest before staking."
2026-06-23,Colombia,DR Congo,btts,No,,btts,Both teams to score,goals,trained_direct,True,paper_tracking,paper_only,False,paper_track,0.5628,1.777,1.866,1.955,2.043,ensemble_btts,medium,xgb_btts + poisson_goals ensemble,51.2,MEDIA,xgb_lean,0.25,,"Direct model exists and ECE is acceptable, but repo has no BTTS odds rows for EV/backtest yet.","Collect BTTS odds, rerun multi_market_ev, then run a dedicated BTTS backtest before staking."
2026-06-23,England,Ghana,btts,No,,btts,Both teams to score,goals,trained_direct,True,paper_tracking,paper_only,False,paper_track,0.5572,1.795,1.884,1.974,2.064,ensemble_btts,high,xgb_btts + poisson_goals ensemble,50.9,MEDIA,blend,0.6141,,"Direct model exists and ECE is acceptable, but repo has no BTTS odds rows for EV/backtest yet.","Collect BTTS odds, rerun multi_market_ev, then run a dedicated BTTS backtest before staking."
2026-06-23,England,Ghana,btts,Yes,,btts,Both teams to score,goals,trained_direct,True,paper_tracking,paper_only,False,paper_track,0.4428,2.258,2.371,2.484,2.597,ensemble_btts,high,xgb_btts + poisson_goals ensemble,50.9,MEDIA,blend,0.6141,,"Direct model exists and ECE is acceptable, but repo has no BTTS odds rows for EV/backtest yet.","Collect BTTS odds, rerun multi_market_ev, then run a dedicated BTTS backtest before staking."
