date,home_team,away_team,is_placeholder_match,prob_A,prob_D,prob_H,pred_result,prob_over25,prob_btts,pred_total_goals,pred_corners,pred_yellows
2026-06-11,South Korea,Czech Republic,False,0.30799999833106995,0.3052999973297119,0.38659998774528503,H,0.4381999969482422,0.4918000102043152,2.430000066757202,8.1899995803833,0.95
2026-06-11,Mexico,South Africa,False,0.0640999972820282,0.1817999929189682,0.7540000081062317,H,0.5047000050544739,0.4032999873161316,2.6600000858306885,6.150000095367432,1.4
2026-06-12,Canada,Bosnia and Herzegovina,False,0.13539999723434448,0.32739999890327454,0.5371999740600586,H,0.3889000117778778,0.42480000853538513,2.4600000381469727,6.460000038146973,1.23
2026-06-12,United States,Paraguay,False,0.5027999877929688,0.2538999915122986,0.24330000579357147,A,0.5030999779701233,0.5,2.490000009536743,7.260000228881836,1.07
2026-06-13,Qatar,Switzerland,False,0.6669999957084656,0.28130000829696655,0.05169999971985817,A,0.447299987077713,0.40610000491142273,2.809999942779541,8.180000305175781,0.97
2026-06-13,Australia,Turkey,False,0.4325999915599823,0.31150001287460327,0.25589999556541443,A,0.4535999894142151,0.48240000009536743,2.4700000286102295,7.230000019073486,1.47
2026-06-13,Brazil,Morocco,False,0.23549999296665192,0.28369998931884766,0.48080000281333923,H,0.45840001106262207,0.49309998750686646,2.549999952316284,7.059999942779541,1.6
2026-06-13,Haiti,Scotland,False,0.5920000076293945,0.25839999318122864,0.14949999749660492,A,0.42419999837875366,0.4830000102519989,2.380000114440918,6.269999980926514,1.6
2026-06-14,Sweden,Tunisia,False,0.3481000065803528,0.288100004196167,0.3637999892234802,H,0.46299999952316284,0.5167999863624573,2.5299999713897705,7.659999847412109,2.24
2026-06-14,Netherlands,Japan,False,0.28870001435279846,0.28529998660087585,0.4259999990463257,H,0.4887999892234802,0.5210000276565552,2.5199999809265137,6.630000114440918,1.25
2026-06-14,Ivory Coast,Ecuador,False,0.6237999796867371,0.22169999778270721,0.15449999272823334,A,0.43230000138282776,0.4569000005722046,2.2799999713897705,6.690000057220459,1.11
2026-06-14,Germany,Curacao,False,0.04149999842047691,0.0722000002861023,0.8863000273704529,H,0.7358999848365784,0.46639999747276306,4.150000095367432,5.849999904632568,1.38
2026-06-15,Spain,Cape Verde,False,0.026499999687075615,0.08569999784231186,0.8878999948501587,H,0.6448000073432922,0.38089999556541443,3.609999895095825,5.78000020980835,1.62
2026-06-15,Saudi Arabia,Uruguay,False,0.6766999959945679,0.19300000369548798,0.13019999861717224,A,0.4650000035762787,0.4481000006198883,2.3299999237060547,7.099999904632568,1.08
2026-06-15,Iran,New Zealand,False,0.10540000349283218,0.24369999766349792,0.6509000062942505,H,0.46459999680519104,0.4253999888896942,2.5399999618530273,6.190000057220459,0.94
2026-06-15,Belgium,Egypt,False,0.0982000008225441,0.2484000027179718,0.6534000039100647,H,0.5534999966621399,0.46230000257492065,2.7799999713897705,5.690000057220459,1.05
2026-06-16,France,Senegal,False,0.07360000163316727,0.18019999563694,0.7462000250816345,H,0.5534999966621399,0.45719999074935913,2.859999895095825,7.050000190734863,1.18
2026-06-16,Austria,Jordan,False,0.14489999413490295,0.23109999299049377,0.6240000128746033,H,0.4749000072479248,0.4733000099658966,2.6500000953674316,5.409999847412109,1.09
2026-06-16,Iraq,Norway,False,0.6029000282287598,0.275299996137619,0.121799997985363,A,0.39640000462532043,0.44279998540878296,2.4600000381469727,7.960000038146973,1.31
2026-06-16,Argentina,Algeria,False,0.07680000364780426,0.18410000205039978,0.7390999794006348,H,0.40369999408721924,0.41819998621940613,2.740000009536743,7.260000228881836,1.41
2026-06-17,Ghana,Panama,False,0.39559999108314514,0.31060001254081726,0.2937999963760376,A,0.4699999988079071,0.4878999888896942,2.430000066757202,6.840000152587891,1.18
2026-06-17,Portugal,DR Congo,False,0.08980000019073486,0.22589999437332153,0.6843000054359436,H,0.5077000260353088,0.45179998874664307,2.690000057220459,7.389999866485596,1.58
2026-06-17,England,Croatia,False,0.17730000615119934,0.27570000290870667,0.5468999743461609,H,0.5027999877929688,0.4869000017642975,2.6500000953674316,7.400000095367432,1.22
2026-06-17,Uzbekistan,Colombia,False,0.5692999958992004,0.26269999146461487,0.1679999977350235,A,0.40230000019073486,0.4772000014781952,2.4000000953674316,7.75,3.18
2026-06-18,Canada,Qatar,False,0.08550000190734863,0.17229999601840973,0.7422000169754028,H,0.4659000039100647,0.34380000829696655,2.619999885559082,5.5,0.98
2026-06-18,Switzerland,Bosnia and Herzegovina,False,0.10270000249147415,0.2076999992132187,0.6895999908447266,H,0.5440000295639038,0.41339999437332153,2.9200000762939453,6.949999809265137,1.22
2026-06-18,Mexico,South Korea,False,0.2143000066280365,0.3474999964237213,0.4381999969482422,H,0.375,0.43720000982284546,2.3299999237060547,5.789999961853027,1.34
2026-06-18,Czech Republic,South Africa,False,0.1340000033378601,0.2612000107765198,0.6049000024795532,H,0.521399974822998,0.47540000081062317,2.740000009536743,5.909999847412109,1.02
2026-06-19,Brazil,Haiti,False,0.06109999865293503,0.12389999628067017,0.8149999976158142,H,0.6826000213623047,0.4235999882221222,3.619999885559082,6.320000171661377,1.95
2026-06-19,Scotland,Morocco,False,0.47040000557899475,0.2847000062465668,0.24490000307559967,A,0.4458000063896179,0.49320000410079956,2.5,6.110000133514404,1.24
2026-06-19,Turkey,Paraguay,False,0.2280000001192093,0.26170000433921814,0.5102999806404114,H,0.48890000581741333,0.48030000925064087,2.5899999141693115,6.389999866485596,1.31
2026-06-19,United States,Australia,False,0.4300000071525574,0.27459999918937683,0.2955000102519989,A,0.4984000027179718,0.5105999708175659,2.5799999237060547,7.659999847412109,1.23
2026-06-20,Netherlands,Sweden,False,0.09589999914169312,0.1817999929189682,0.7224000096321106,H,0.5795000195503235,0.49129998683929443,3.0299999713897705,6.71999979019165,1.26
2026-06-20,Tunisia,Japan,False,0.5543000102043152,0.3264000117778778,0.1193000003695488,A,0.37400001287460327,0.4300000071525574,2.3499999046325684,6.659999847412109,2.23
2026-06-20,Ecuador,Curacao,False,0.08420000225305557,0.11089999973773956,0.8048999905586243,H,0.725600004196167,0.4936000108718872,3.950000047683716,6.099999904632568,1.34
2026-06-20,Germany,Ivory Coast,False,0.12839999794960022,0.1573999971151352,0.7142000198364258,H,0.5289999842643738,0.4781999886035919,2.8399999141693115,6.409999847412109,1.15
2026-06-21,Belgium,Iran,False,0.19290000200271606,0.21439999341964722,0.5927000045776367,H,0.5576000213623047,0.4803999960422516,2.6600000858306885,5.760000228881836,0.99
2026-06-21,New Zealand,Egypt,False,0.41370001435279846,0.32589998841285706,0.2603999972343445,A,0.4077000021934509,0.486299991607666,2.3499999046325684,7.340000152587891,0.99
2026-06-21,Spain,Saudi Arabia,False,0.017799999564886093,0.07150000333786011,0.9106000065803528,H,0.7366999983787537,0.43810001015663147,4.019999980926514,5.369999885559082,1.2
2026-06-21,Uruguay,Cape Verde,False,0.09679999947547913,0.21130000054836273,0.6919999718666077,H,0.4796000123023987,0.41370001435279846,2.799999952316284,6.579999923706055,1.5
2026-06-22,Norway,Senegal,False,0.31619998812675476,0.211899995803833,0.47189998626708984,H,0.5426999926567078,0.49869999289512634,2.6500000953674316,6.630000114440918,1.29
2026-06-22,Argentina,Austria,False,0.09070000052452087,0.2980000078678131,0.611299991607666,H,0.4805999994277954,0.46950000524520874,2.869999885559082,6.570000171661377,1.34
2026-06-22,Jordan,Algeria,False,0.5105000138282776,0.2653000056743622,0.22419999539852142,A,0.4413999915122986,0.47440001368522644,2.490000009536743,7.679999828338623,1.16
2026-06-22,France,Iraq,False,0.06520000100135803,0.13220000267028809,0.8026000261306763,H,0.5954999923706055,0.44440001249313354,3.190000057220459,6.039999961853027,1.2
2026-06-23,England,Ghana,False,0.040300000458955765,0.0869000032544136,0.8727999925613403,H,0.6845999956130981,0.4487999975681305,3.430000066757202,6.389999866485596,1.51
2026-06-23,Portugal,Uzbekistan,False,0.14239999651908875,0.26579999923706055,0.5917999744415283,H,0.5184999704360962,0.4934999942779541,2.869999885559082,5.900000095367432,3.05
2026-06-23,Panama,Croatia,False,0.5234000086784363,0.3124000132083893,0.16429999470710754,A,0.45570001006126404,0.47350001335144043,2.630000114440918,6.0,0.89
2026-06-23,Colombia,DR Congo,False,0.0860000029206276,0.20360000431537628,0.7105000019073486,H,0.5085999965667725,0.4763000011444092,2.75,9.630000114440918,1.71
2026-06-24,Czech Republic,Mexico,False,0.5063999891281128,0.2703999876976013,0.2231999933719635,A,0.4138000011444092,0.47999998927116394,2.4000000953674316,6.570000171661377,1.53
2026-06-24,South Africa,South Korea,False,0.6043000221252441,0.27970001101493835,0.11599999666213989,A,0.4198000133037567,0.47029998898506165,2.4200000762939453,6.079999923706055,0.82
2026-06-24,Switzerland,Canada,False,0.17319999635219574,0.32330000400543213,0.5034999847412109,H,0.45570001006126404,0.48179998993873596,2.4000000953674316,6.619999885559082,0.83
2026-06-24,Morocco,Haiti,False,0.06469999998807907,0.20360000431537628,0.7317000031471252,H,0.539900004863739,0.41929998993873596,2.819999933242798,5.679999828338623,1.69
2026-06-24,Scotland,Brazil,False,0.5313000082969666,0.3253999948501587,0.14329999685287476,A,0.4790000021457672,0.5110999941825867,2.6500000953674316,7.949999809265137,1.5
2026-06-24,Bosnia and Herzegovina,Qatar,False,0.17739999294281006,0.27889999747276306,0.5437999963760376,H,0.48159998655319214,0.42820000648498535,2.609999895095825,6.320000171661377,1.37
2026-06-25,Turkey,United States,False,0.1988999992609024,0.2287999987602234,0.5723999738693237,H,0.6015999913215637,0.5212000012397766,2.950000047683716,9.079999923706055,1.42
2026-06-25,Ecuador,Germany,False,0.40400001406669617,0.3109000027179718,0.2851000130176544,A,0.453000009059906,0.4097999930381775,2.5399999618530273,8.039999961853027,1.28
2026-06-25,Paraguay,Australia,False,0.1932000070810318,0.302700012922287,0.5041000247001648,H,0.4535999894142151,0.49459999799728394,2.450000047683716,6.019999980926514,1.13
2026-06-25,Curacao,Ivory Coast,False,0.5651999711990356,0.3034000098705292,0.131400004029274,A,0.4390000104904175,0.46860000491142273,2.4200000762939453,7.690000057220459,1.22
2026-06-25,Tunisia,Netherlands,False,0.669700026512146,0.24169999361038208,0.0885000005364418,A,0.3952000141143799,0.4641000032424927,2.4600000381469727,7.460000038146973,2.46
2026-06-25,Japan,Sweden,False,0.12639999389648438,0.26969999074935913,0.6039000153541565,H,0.48840001225471497,0.4341999888420105,2.759999990463257,6.820000171661377,1.03
2026-06-26,New Zealand,Belgium,False,0.682699978351593,0.1996999979019165,0.11749999970197678,A,0.49219998717308044,0.39649999141693115,2.75,7.989999771118164,0.98
2026-06-26,Senegal,Iraq,False,0.12300000339746475,0.2711000144481659,0.6060000061988831,H,0.46309998631477356,0.46129998564720154,2.490000009536743,5.849999904632568,1.3
2026-06-26,Egypt,Iran,False,0.36980000138282776,0.35249999165534973,0.2775999903678894,A,0.37700000405311584,0.45890000462532043,2.200000047683716,6.0,1.0
2026-06-26,Norway,France,False,0.4113999903202057,0.30630001425743103,0.2824000120162964,A,0.42080000042915344,0.544700026512146,2.559999942779541,7.159999847412109,1.18
2026-06-26,Uruguay,Spain,False,0.6787999868392944,0.2354000061750412,0.08579999953508377,A,0.3869999945163727,0.4368000030517578,2.4700000286102295,7.25,1.38
2026-06-26,Cape Verde,Saudi Arabia,False,0.29179999232292175,0.31630000472068787,0.3917999863624573,H,0.44830000400543213,0.4771000146865845,2.4000000953674316,6.039999961853027,1.32
2026-06-27,Jordan,Argentina,False,0.7142999768257141,0.19370000064373016,0.09200000017881393,A,0.5577999949455261,0.4832000136375427,2.8499999046325684,7.559999942779541,1.34
2026-06-27,Panama,England,False,0.7103000283241272,0.18070000410079956,0.10899999737739563,A,0.5651000142097473,0.47189998626708984,2.700000047683716,7.900000095367432,0.93
2026-06-27,Croatia,Ghana,False,0.09109999984502792,0.1371999979019165,0.7717000246047974,H,0.5404000282287598,0.45579999685287476,2.869999885559082,7.489999771118164,1.48
2026-06-27,Colombia,Portugal,False,0.3528999984264374,0.31540000438690186,0.33180001378059387,A,0.4812000095844269,0.506600022315979,2.700000047683716,8.5,1.3
2026-06-27,DR Congo,Uzbekistan,False,0.23980000615119934,0.4259999990463257,0.334199994802475,D,0.33169999718666077,0.4507000148296356,2.1500000953674316,6.409999847412109,3.47
2026-06-27,Algeria,Austria,False,0.4047999978065491,0.334199994802475,0.26100000739097595,A,0.43140000104904175,0.5130000114440918,2.359999895095825,7.150000095367432,1.16
2026-06-28,2A,2B,True,,,,,,,,,
2026-06-29,1C,2F,True,,,,,,,,,
2026-06-29,1E,3A/B/C/D/F,True,,,,,,,,,
2026-06-29,1F,2C,True,,,,,,,,,
2026-06-30,2E,2I,True,,,,,,,,,
2026-06-30,1A,3C/E/F/H/I,True,,,,,,,,,
2026-06-30,1I,3C/D/F/G/H,True,,,,,,,,,
2026-07-01,1G,3A/E/H/I/J,True,,,,,,,,,
2026-07-01,1L,3E/H/I/J/K,True,,,,,,,,,
2026-07-01,1D,3B/E/F/I/J,True,,,,,,,,,
2026-07-02,1B,3E/F/G/I/J,True,,,,,,,,,
2026-07-02,2K,2L,True,,,,,,,,,
2026-07-02,1H,2J,True,,,,,,,,,
2026-07-03,1J,2H,True,,,,,,,,,
2026-07-03,1K,3D/E/I/J/L,True,,,,,,,,,
2026-07-03,2D,2G,True,,,,,,,,,
2026-07-04,Winner 74,Winner 77,True,,,,,,,,,
2026-07-04,Winner 73,Winner 75,True,,,,,,,,,
2026-07-05,Winner 76,Winner 78,True,,,,,,,,,
2026-07-05,Winner 79,Winner 80,True,,,,,,,,,
2026-07-06,Winner 81,Winner 82,True,,,,,,,,,
2026-07-06,Winner 83,Winner 84,True,,,,,,,,,
2026-07-07,Winner 86,Winner 88,True,,,,,,,,,
2026-07-07,Winner 85,Winner 87,True,,,,,,,,,
2026-07-09,Winner 89,Winner 90,True,,,,,,,,,
2026-07-10,Winner 93,Winner 94,True,,,,,,,,,
2026-07-11,Winner 91,Winner 92,True,,,,,,,,,
2026-07-11,Winner 95,Winner 96,True,,,,,,,,,
2026-07-14,Winner 97,Winner 98,True,,,,,,,,,
2026-07-15,Winner 99,Winner 100,True,,,,,,,,,
2026-07-18,Loser 101,Loser 102,True,,,,,,,,,
2026-07-19,Winner 101,Winner 102,True,,,,,,,,,
