team_canonical,player_name,club,position_broad
Algeria,Achraf Abada,USM Alger (ALG),Defender
Algeria,Aissa Mandi,Lille OSC (FRA),Defender
Algeria,Jaouen Hadjam,BSC Young Boys (SUI),Defender
Algeria,Mohamed Amine Tougai,Espérance De Tunisie (TUN),Defender
Algeria,Rafik Belghali,Hellas Verona FC (ITA),Defender
Algeria,Ramy Bensebaini,Borussia Dortmund (GER),Defender
Algeria,Rayan Ait-Nouri,Manchester City FC (ENG),Defender
Algeria,Samir Chergui,Paris FC (FRA),Defender
Algeria,Zineddine Belaid,JS Kabylie (ALG),Defender
Algeria,Adil Boulbina,Al Duhail SC (QAT),Forward
Algeria,Amine Gouiri,Olympique Marseille (FRA),Forward
Algeria,Anis Hadj Moussa,Feyenoord Rotterdam (NED),Forward
Algeria,Fares Ghedjemis,Frosinone (ITA),Forward
Algeria,Mohamed Amoura,VfL Wolfsburg (GER),Forward
Algeria,Nadhir Benbouali,Györi ETO FC (HUN),Forward
Algeria,Riyad Mahrez,Al Ahli FC (KSA),Forward
Algeria,Luca Zidane,Granada CF (ESP),Goalkeeper
Algeria,Melvin Mastil,FC Stade Nyonnais (SUI),Goalkeeper
Algeria,Oussama Benbot,USM Alger (ALG),Goalkeeper
Algeria,Fares Chaibi,Eintracht Frankfurt (GER),Midfielder
Algeria,Hicham Boudaoui,OGC Nice (FRA),Midfielder
Algeria,Houssem Aouar,Al Ittihad (KSA),Midfielder
Algeria,Ibrahim Maza,Bayer 04 Leverkusen (GER),Midfielder
Algeria,Nabil Bentaleb,Lille OSC (FRA),Midfielder
Algeria,Ramiz Zerrouki,FC Twente (NED),Midfielder
Algeria,Yassine Titraoui,Sporting Charleroi (BEL),Midfielder
Argentina,Cristian Romero,Tottenham Hotspur FC (ENG),Defender
Argentina,Facundo Medina,Olympique Marseille (FRA),Defender
Argentina,Gonzalo Montiel,CA River Plate (ARG),Defender
Argentina,Leonardo Balerdi,Olympique Marseille (FRA),Defender
Argentina,Lisandro Martinez,Manchester United FC (ENG),Defender
Argentina,Nahuel Molina,Atlético De Madrid (ESP),Defender
Argentina,Nicolas Otamendi,SL Benfica (POR),Defender
Argentina,Nicolas Tagliafico,Olympique Lyonnais (FRA),Defender
Argentina,Giuliano Simeone,Atlético De Madrid (ESP),Forward
Argentina,Jose Manuel Lopez,SE Palmeiras (BRA),Forward
Argentina,Julian Alvarez,Atlético De Madrid (ESP),Forward
Argentina,Lautaro Martinez,FC Internazionale Milano (ITA),Forward
Argentina,Lionel Messi,Inter Miami CF (USA),Forward
Argentina,Nico Paz,Como (ITA),Forward
Argentina,Thiago Almada,Atlético De Madrid (ESP),Forward
Argentina,Emiliano Martinez,Aston Villa FC (ENG),Goalkeeper
Argentina,Geronimo Rulli,Olympique Marseille (FRA),Goalkeeper
Argentina,Juan Musso,Atlético De Madrid (ESP),Goalkeeper
Argentina,Alexis Mac Allister,Liverpool FC (ENG),Midfielder
Argentina,Enzo Fernandez,Chelsea FC (ENG),Midfielder
Argentina,Exequiel Palacios,Bayer 04 Leverkusen (GER),Midfielder
Argentina,Giovani Lo Celso,Real Betis (ESP),Midfielder
Argentina,Leandro Paredes,CA Boca Juniors (ARG),Midfielder
Argentina,Nico Gonzalez,Atlético De Madrid (ESP),Midfielder
Argentina,Rodrigo de Paul,Inter Miami CF (USA),Midfielder
Argentina,Valentin Barco,RC Strasbourg (FRA),Midfielder
Australia,Alessandro Circati,Parma (ITA),Defender
Australia,Aziz Behich,Melbourne City FC (AUS),Defender
Australia,Cameron Burgess,Swansea City AFC (WAL),Defender
Australia,Harry Souttar,Leicester City FC (ENG),Defender
Australia,Jacob Italiano,Grazer AK (AUT),Defender
Australia,Jason Geria,Albirex Niigata (JPN),Defender
Australia,Jordan Bos,Feyenoord Rotterdam (NED),Defender
Australia,Kai Trewin,New York City FC (USA),Defender
Australia,Lucas Herrington,Colorado Rapids (USA),Defender
Australia,Milos Degenek,APOEL FC (CYP),Defender
Australia,Ajdin Hrustic,SC Heracles Almelo (NED),Forward
Australia,Awer Mabil,CD Castellón (ESP),Forward
Australia,Cristian Volpato,US Sassuolo (ITA),Forward
Australia,Mathew Leckie,Melbourne City FC (AUS),Forward
Australia,Mohamed Toure,Norwich City FC (ENG),Forward
Australia,Nestory Irankunda,Watford FC (ENG),Forward
Australia,Nishan Velupillay,Melbourne Victory FC (AUS),Forward
Australia,Tete Yengi,FC Machida Zelvia (JPN),Forward
Australia,Mathew Ryan,Levante UD (ESP),Goalkeeper
Australia,Patrick Beach,Melbourne City FC (AUS),Goalkeeper
Australia,Paul Izzo,Randers FC (DEN),Goalkeeper
Australia,Aiden Oneill,New York City FC (USA),Midfielder
Australia,Cameron Devlin,Heart Of Midlothian FC (SCO),Midfielder
Australia,Connor Metcalfe,FC St. Pauli (GER),Midfielder
Australia,Jackson Irvine,FC St. Pauli (GER),Midfielder
Australia,Paul Okon-Engstler,Sydney FC (AUS),Midfielder
Austria,David Affengruber,Elche CF (ESP),Defender
Austria,David Alaba,Real Madrid C. F. (ESP),Defender
Austria,Kevin Danso,Tottenham Hotspur FC (ENG),Defender
Austria,Marco Friedl,SV Werder Bremen (GER),Defender
Austria,Michael Svoboda,Venezia FC (ITA),Defender
Austria,Philipp Lienhart,SC Freiburg (GER),Defender
Austria,Phillip Mwene,1. FSV Mainz 05 (GER),Defender
Austria,Stefan Posch,1. FSV Mainz 05 (GER),Defender
Austria,Marko Arnautovic,FK Crvena Zvezda (SRB),Forward
Austria,Michael Gregoritsch,FC Augsburg (GER),Forward
Austria,Patrick Wimmer,VfL Wolfsburg (GER),Forward
Austria,Sasa Kalajdzic,LASK Linz (AUT),Forward
Austria,Alexander Schlager,FC Red Bull Salzburg (AUT),Goalkeeper
Austria,Florian Wiegele,FC Viktoria Plzeň (CZE),Goalkeeper
Austria,Patrick Pentz,Brøndby IF (DEN),Goalkeeper
Austria,Alessandro Schoepf,Wolfsberger AC (AUT),Midfielder
Austria,Alexander Prass,TSG Hoffenheim (GER),Midfielder
Austria,Carney Chukwuemeka,Borussia Dortmund (GER),Midfielder
Austria,Christoph Baumgartner,RB Leipzig (GER),Midfielder
Austria,Florian Grillitsch,SC Braga (POR),Midfielder
Austria,Konrad Laimer,FC Bayern München (GER),Midfielder
Austria,Marcel Sabitzer,Borussia Dortmund (GER),Midfielder
Austria,Nicolas Seiwald,RB Leipzig (GER),Midfielder
Austria,Paul Wanner,PSV Eindhoven (NED),Midfielder
Austria,Romano Schmid,SV Werder Bremen (GER),Midfielder
Austria,Xaver Schlager,RB Leipzig (GER),Midfielder
Belgium,Arthur Theate,Eintracht Frankfurt (GER),Defender
Belgium,Brandon Mechele,Club Brugge (BEL),Defender
Belgium,Joaquin Seys,Club Brugge (BEL),Defender
Belgium,Koni de Winter,AC Milan (ITA),Defender
Belgium,Maxim de Cuyper,Brighton & Hove Albion FC (ENG),Defender
Belgium,Nathan Ngoy,Lille OSC (FRA),Defender
Belgium,Thomas Meunier,Lille OSC (FRA),Defender
Belgium,Timothy Castagne,Fulham FC (ENG),Defender
Belgium,Zeno Debast,Sporting CP (POR),Defender
Belgium,Charles de Ketelaere,Atalanta Bergamo (ITA),Forward
Belgium,Dodi Lukebakio,SL Benfica (POR),Forward
Belgium,Jeremy Doku,Manchester City FC (ENG),Forward
Belgium,Leandro Trossard,Arsenal FC (ENG),Forward
Belgium,Matias Fernandez-Pardo,Lille OSC (FRA),Forward
Belgium,Romelu Lukaku,SSC Napoli (ITA),Forward
Belgium,Mike Penders,RC Strasbourg (FRA),Goalkeeper
Belgium,Senne Lammens,Manchester United FC (ENG),Goalkeeper
Belgium,Thibaut Courtois,Real Madrid C. F. (ESP),Goalkeeper
Belgium,Alexis Saelemaekers,AC Milan (ITA),Midfielder
Belgium,Amadou Onana,Aston Villa FC (ENG),Midfielder
Belgium,Axel Witsel,Girona FC (ESP),Midfielder
Belgium,Diego Moreira,RC Strasbourg (FRA),Midfielder
Belgium,Hans Vanaken,Club Brugge (BEL),Midfielder
Belgium,Kevin de Bruyne,SSC Napoli (ITA),Midfielder
Belgium,Nicolas Raskin,Rangers FC (SCO),Midfielder
Belgium,Youri Tielemans,Aston Villa FC (ENG),Midfielder
Bosnia and Herzegovina,Amar Dedic,SL Benfica (POR),Defender
Bosnia and Herzegovina,Dennis Hadzikadunic,UC Sampdoria (ITA),Defender
Bosnia and Herzegovina,Nidal Celik,RC Lens (FRA),Defender
Bosnia and Herzegovina,Nihad Mujakic,Gaziantep FK (TUR),Defender
Bosnia and Herzegovina,Nikola Katic,FC Schalke 04 (GER),Defender
Bosnia and Herzegovina,Sead Kolasinac,Atalanta Bergamo (ITA),Defender
Bosnia and Herzegovina,Stjepan Radeljic,HNK Rijeka (CRO),Defender
Bosnia and Herzegovina,Tarik Muharemovic,US Sassuolo (ITA),Defender
Bosnia and Herzegovina,Edin Dzeko,FC Schalke 04 (GER),Forward
Bosnia and Herzegovina,Ermedin Demirovic,VfB Stuttgart (GER),Forward
Bosnia and Herzegovina,Esmir Bajraktarevic,PSV Eindhoven (NED),Forward
Bosnia and Herzegovina,Haris Tabakovic,Borussia Mönchengladbach (GER),Forward
Bosnia and Herzegovina,Jovo Lukic,Universitatea Cluj (ROU),Forward
Bosnia and Herzegovina,Kerim Alajbegovic,FC Red Bull Salzburg (AUT),Forward
Bosnia and Herzegovina,Samed Bazdar,Jagiellonia Białystok (POL),Forward
Bosnia and Herzegovina,Martin Zlomislic,HNK Rijeka (CRO),Goalkeeper
Bosnia and Herzegovina,Mladen Jurkas,FK Borac Banja Luka (BIH),Goalkeeper
Bosnia and Herzegovina,Nikola Vasilj,FC St. Pauli (GER),Goalkeeper
Bosnia and Herzegovina,Amar Memic,FC Viktoria Plzeň (CZE),Midfielder
Bosnia and Herzegovina,Amir Hadziahmetovic,Hull City FC (ENG),Midfielder
Bosnia and Herzegovina,Armin Gigovic,BSC Young Boys (SUI),Midfielder
Bosnia and Herzegovina,Benjamin Tahirovic,Brøndby IF (DEN),Midfielder
Bosnia and Herzegovina,Dzenis Burnic,Karlsruher SC (GER),Midfielder
Bosnia and Herzegovina,Ermin Mahmic,FC Slovan Liberec (CZE),Midfielder
Bosnia and Herzegovina,Ivan Basic,FC Astana (KAZ),Midfielder
Bosnia and Herzegovina,Ivan Sunjic,Pafos FC (CYP),Midfielder
Brazil,Alex Sandro,CR Flamengo (BRA),Defender
Brazil,Bremer,Juventus FC (ITA),Defender
Brazil,Danilo,CR Flamengo (BRA),Defender
Brazil,Douglas Santos,FC Zenit St. Petersburg (RUS),Defender
Brazil,Gabriel Magalhaes,Arsenal FC (ENG),Defender
Brazil,Leo Pereira,CR Flamengo (BRA),Defender
Brazil,Marquinhos,Paris Saint-Germain (FRA),Defender
Brazil,Roger Ibanez,Al Ahli FC (KSA),Defender
Brazil,Wesley,AS Roma (ITA),Defender
Brazil,Endrick,Olympique Lyonnais (FRA),Forward
Brazil,Gabriel Martinelli,Arsenal FC (ENG),Forward
Brazil,Igor Thiago,Brentford FC (ENG),Forward
Brazil,Luiz Henrique,FC Zenit St. Petersburg (RUS),Forward
Brazil,Matheus Cunha,Manchester United FC (ENG),Forward
Brazil,Neymar Jr,Santos FC (BRA),Forward
Brazil,Raphinha,FC Barcelona (ESP),Forward
Brazil,Rayan,AFC Bournemouth (ENG),Forward
Brazil,Vinicius Junior,Real Madrid C. F. (ESP),Forward
Brazil,Alisson,Liverpool FC (ENG),Goalkeeper
Brazil,Ederson,Fenerbahçe SK (TUR),Goalkeeper
Brazil,Weverton,Grêmio FBPA (BRA),Goalkeeper
Brazil,Bruno Guimaraes,Newcastle United FC (ENG),Midfielder
Brazil,Casemiro,Manchester United FC (ENG),Midfielder
Brazil,Danilo Santos,Botafogo (BRA),Midfielder
Brazil,Fabinho,Al Ittihad (KSA),Midfielder
Brazil,Lucas Paqueta,CR Flamengo (BRA),Midfielder
Canada,Alfie Jones,Middlesbrough FC (ENG),Defender
Canada,Alistair Johnston,Celtic FC (SCO),Defender
Canada,Alphonso Davies,FC Bayern München (GER),Defender
Canada,Derek Cornelius,Rangers FC (SCO),Defender
Canada,Joel Waterman,Chicago Fire FC (USA),Defender
Canada,Luc de Fougerolles,FCV Dender EH (BEL),Defender
Canada,Moise Bombito,OGC Nice (FRA),Defender
Canada,Niko Sigur,HNK Hajduk Split (CRO),Defender
Canada,Richie Laryea,Toronto FC (CAN),Defender
Canada,Ali Ahmed,Norwich City FC (ENG),Forward
Canada,Cyle Larin,Southampton FC (ENG),Forward
Canada,Jonathan David,Juventus FC (ITA),Forward
Canada,Promise David,Royale Union Saint-Gilloise (BEL),Forward
Canada,Tajon Buchanan,Villarreal CF (ESP),Forward
Canada,Tani Oluwaseyi,Villarreal CF (ESP),Forward
Canada,Dayne St. Clair,Inter Miami CF (USA),Goalkeeper
Canada,Maxime Crepeau,Orlando City SC (USA),Goalkeeper
Canada,Owen Goodman,Barnsley (ENG),Goalkeeper
Canada,Ismael Kone,US Sassuolo (ITA),Midfielder
Canada,JacobJacob Everett Shaffelburg,LAFC (USA),Midfielder
Canada,Jonathan Osorio,Toronto FC (CAN),Midfielder
Canada,Liam Millar,Hull City FC (ENG),Midfielder
Canada,Marcelo Flores,Tigres UANL (MEX),Midfielder
Canada,Mathieu Choiniere,LAFC (USA),Midfielder
Canada,Nathan Saliba,RSC Anderlecht (BEL),Midfielder
Canada,Stephen Eustaquio,LAFC (USA),Midfielder
Cape Verde,Diney Borges,Al Bataeh Club (UAE),Defender
Cape Verde,Kelvin Pires,SJK (FIN),Defender
Cape Verde,Logan Costa,Villarreal CF (ESP),Defender
Cape Verde,Pico Lopes,Shamrock Rovers FC (IRL),Defender
Cape Verde,Sidny Lopes Cabral,SL Benfica (POR),Defender
Cape Verde,Steven Moreira,Columbus Crew (USA),Defender
Cape Verde,Stopira,SCU Torreense (POR),Defender
Cape Verde,Wagner Pina,Trabzonspor (TUR),Defender
Cape Verde,Dailon Livramento,Casa Pia AC (POR),Forward
Cape Verde,Gilson Benchimol,FC Akron Tolyatti (RUS),Forward
Cape Verde,Ryan Mendes,Iğdır FK (TUR),Forward
Cape Verde,Cj dos Santos,San Diego FC (USA),Goalkeeper
Cape Verde,Marcio Rosa,PFC Montana (BUL),Goalkeeper
Cape Verde,Vozinha,GD Chaves (POR),Goalkeeper
Cape Verde,Deroy Duarte,PFC Ludogorets Razgrad (BUL),Midfielder
Cape Verde,Garry Rodrigues,Apollon Limassol (CYP),Midfielder
Cape Verde,Helio Varela,Maccabi Tel-Aviv FC (ISR),Midfielder
Cape Verde,Jamiro Monteiro,PEC Zwolle (NED),Midfielder
Cape Verde,Joao Paulo,FC FCSB (ROU),Midfielder
Cape Verde,Jovane Cabral,CF Estrela Da Amadora (POR),Midfielder
Cape Verde,Kevin Pina,FC Krasnodar (RUS),Midfielder
Cape Verde,Laros Duarte,Puskás Akadémia FC (HUN),Midfielder
Cape Verde,Nuno da Costa,Başakşehir FK (TUR),Midfielder
Cape Verde,Telmo Arcanjo,Vitória SC (POR),Midfielder
Cape Verde,Willy Semedo,AC Omonia (CYP),Midfielder
Cape Verde,Yannick Semedo,SC Farense (POR),Midfielder
Colombia,Daniel Munoz,Crystal Palace FC (ENG),Defender
Colombia,Davinson Sanchez,Galatasaray SK (TUR),Defender
Colombia,Deiver Machado,FC Nantes (FRA),Defender
Colombia,Gustavo Puerta,Racing Santander (ESP),Defender
Colombia,Jhon Lucumi,Bologna FC (ITA),Defender
Colombia,Johan Mojica,RCD Mallorca (ESP),Defender
Colombia,Santiago Arias,CA Independiente (ARG),Defender
Colombia,Willer Ditta,CF Cruz Azul (MEX),Defender
Colombia,Yerry Mina,Cagliari (ITA),Defender
Colombia,Andres Gomez,CR Vasco Da Gama (BRA),Forward
Colombia,Cucho Hernandez,Real Betis (ESP),Forward
Colombia,Jaminton Campaz,CA Rosario Central (ARG),Forward
Colombia,Jhon Cordoba,FC Krasnodar (RUS),Forward
Colombia,Luis Diaz,FC Bayern München (GER),Forward
Colombia,Luis Suarez,Sporting CP (POR),Forward
Colombia,Alvaro Montero,CA Vélez Sarsfield (ARG),Goalkeeper
Colombia,Camilo Vargas,Atlas FC (MEX),Goalkeeper
Colombia,David Ospina,Atlético Nacional (COL),Goalkeeper
Colombia,James Rodriguez,Minnesota United FC (USA),Midfielder
Colombia,Jefferson Lerma,Crystal Palace FC (ENG),Midfielder
Colombia,Jhon Arias,SE Palmeiras (BRA),Midfielder
Colombia,Jorge Carrascal,CR Flamengo (BRA),Midfielder
Colombia,Juan Portilla,Athletico Paranaense (BRA),Midfielder
Colombia,Juan Quintero,CA River Plate (ARG),Midfielder
Colombia,Kevin Castano,CA River Plate (ARG),Midfielder
Colombia,Richard Rios,SL Benfica (POR),Midfielder
Croatia,Duje Caleta-Car,Real Sociedad (ESP),Defender
Croatia,Josip Stanisic,FC Bayern München (GER),Defender
Croatia,Josip Sutalo,AFC Ajax (NED),Defender
Croatia,Josko Gvardiol,Manchester City FC (ENG),Defender
Croatia,Kristijan Jakic,FC Augsburg (GER),Defender
Croatia,Luka Vuskovic,Hamburger SV (GER),Defender
Croatia,Marin Pongracic,ACF Fiorentina (ITA),Defender
Croatia,Martin Erlic,FC Midtjylland (DEN),Defender
Croatia,Andrej Kramaric,TSG Hoffenheim (GER),Forward
Croatia,Ante Budimir,CA Osasuna (ESP),Forward
Croatia,Igor Matanovic,SC Freiburg (GER),Forward
Croatia,Ivan Perisic,PSV Eindhoven (NED),Forward
Croatia,Marco Pasalic,Orlando City SC (USA),Forward
Croatia,Petar Musa,FC Dallas (USA),Forward
Croatia,Dominik Kotarski,FC København (DEN),Goalkeeper
Croatia,Dominik Livakovic,GNK Dinamo Zagreb (CRO),Goalkeeper
Croatia,Ivor Pandur,Hull City FC (ENG),Goalkeeper
Croatia,Luka Modric,AC Milan (ITA),Midfielder
Croatia,Luka Sucic,Real Sociedad (ESP),Midfielder
Croatia,Mario Pasalic,Atalanta Bergamo (ITA),Midfielder
Croatia,Martin Baturina,Como (ITA),Midfielder
Croatia,Mateo Kovacic,Manchester City FC (ENG),Midfielder
Croatia,Nikola Moro,Bologna FC (ITA),Midfielder
Croatia,Nikola Vlasic,Torino FC (ITA),Midfielder
Croatia,Petar Sucic,FC Internazionale Milano (ITA),Midfielder
Croatia,Toni Fruk,HNK Rijeka (CRO),Midfielder
Curacao,Armando Obispo,PSV Eindhoven (NED),Defender
Curacao,Deveron Fonville,NEC Nijmegen (NED),Defender
Curacao,Joshua Brenet,Kayserispor (TUR),Defender
Curacao,Jurien Gaari,Abha Club (KSA),Defender
Curacao,Riechedly Bazoer,Konyaspor (TUR),Defender
Curacao,Roshon van Eijma,RKC Waalwijk (NED),Defender
Curacao,Sherel Floranus,PEC Zwolle (NED),Defender
Curacao,Shurandy Sambo,Sparta Rotterdam (NED),Defender
Curacao,Brandley Kuwas,FC Volendam (NED),Forward
Curacao,Gervane Kastaneer,Terengganu FC (MAS),Forward
Curacao,Jearl Margaritha,SK Beveren (BEL),Forward
Curacao,Jeremy Antonisse,AE Kifisia FC (GRE),Forward
Curacao,Juergen Locadia,Miami FC (USA),Forward
Curacao,Kenji Gorre,Maccabi Haifa FC (ISR),Forward
Curacao,Sontje Hansen,Middlesbrough FC (ENG),Forward
Curacao,Tyrese Noslin,SC Telstar (NED),Forward
Curacao,Eloy Room,Miami FC (USA),Goalkeeper
Curacao,Trevor Doornbusch,VVV Venlo (NED),Goalkeeper
Curacao,Tyrick Bodak,SC Telstar (NED),Goalkeeper
Curacao,Arjany Martha,Rotherham United FC (ENG),Midfielder
Curacao,Godfried Roemeratoe,RKC Waalwijk (NED),Midfielder
Curacao,Juninho Bacuna,FC Volendam (NED),Midfielder
Curacao,Kevin Felida,FC Den Bosch (NED),Midfielder
Curacao,Leandro Bacuna,Iğdır FK (TUR),Midfielder
Curacao,Livano Comenencia,FC Zürich (SUI),Midfielder
Curacao,Tahith Chong,Shefield United FC (ENG),Midfielder
Czech Republic,David Doudera,SK Slavia Praha (CZE),Defender
Czech Republic,David Jurasek,SK Slavia Praha (CZE),Defender
Czech Republic,David Zima,SK Slavia Praha (CZE),Defender
Czech Republic,Jaroslav Zeleny,AC Sparta Praha (CZE),Defender
Czech Republic,Ladislav Krejci,Wolverhampton Wanderers FC (ENG),Defender
Czech Republic,Robin Hranac,TSG Hoffenheim (GER),Defender
Czech Republic,Stepan Chaloupek,SK Slavia Praha (CZE),Defender
Czech Republic,Tomas Holes,SK Slavia Praha (CZE),Defender
Czech Republic,Vladimir Coufal,TSG Hoffenheim (GER),Defender
Czech Republic,Adam Hlozek,TSG Hoffenheim (GER),Forward
Czech Republic,Denis Visinsky,FC Viktoria Plzeň (CZE),Forward
Czech Republic,Jan Kuchta,AC Sparta Praha (CZE),Forward
Czech Republic,Mojmir Chytil,SK Slavia Praha (CZE),Forward
Czech Republic,Patrik Schick,Bayer 04 Leverkusen (GER),Forward
Czech Republic,Pavel Sulc,Olympique Lyonnais (FRA),Forward
Czech Republic,Tomas Chory,SK Slavia Praha (CZE),Forward
Czech Republic,Jindrich Stanek,SK Slavia Praha (CZE),Goalkeeper
Czech Republic,Lukas Hornicek,SC Braga (POR),Goalkeeper
Czech Republic,Matej Kovar,PSV Eindhoven (NED),Goalkeeper
Czech Republic,Alexandr Sojka,FC Viktoria Plzeň (CZE),Midfielder
Czech Republic,Hugo Sochurek,AC Sparta Praha (CZE),Midfielder
Czech Republic,Lukas Cerv,FC Viktoria Plzeň (CZE),Midfielder
Czech Republic,Lukas Provod,SK Slavia Praha (CZE),Midfielder
Czech Republic,Michal Sadilek,SK Slavia Praha (CZE),Midfielder
Czech Republic,Tomas Soucek,West Ham United FC (ENG),Midfielder
Czech Republic,Vladimir Darida,FC Hradec Králové (CZE),Midfielder
DR Congo,Aaron Wan-Bissaka,West Ham United FC (ENG),Defender
DR Congo,Arthur Masuaku,RC Lens (FRA),Defender
DR Congo,Axel Tuanzebe,Burnley FC (ENG),Defender
DR Congo,Chancel Mbemba,Lille OSC (FRA),Defender
DR Congo,Dylan Batubinsika,AEL FC (GRE),Defender
DR Congo,Gedeon Kalulu,Aris Limassol FC (CYP),Defender
DR Congo,Joris Kayembe,KRC Genk (BEL),Defender
DR Congo,Steve Kapuadi,Widzew Łódź (POL),Defender
DR Congo,Brian Cipenga,CD Castellón (ESP),Forward
DR Congo,Cedric Bakambu,Real Betis (ESP),Forward
DR Congo,Fiston Mayele,Pyramids FC (EGY),Forward
DR Congo,Gael Kakuta,AEL FC (GRE),Forward
DR Congo,Meschack Elia,Alanyaspor (TUR),Forward
DR Congo,Simon Banza,Al Jazira (UAE),Forward
DR Congo,Yoane Wissa,Newcastle United FC (ENG),Forward
DR Congo,Lionel Mpasi,Le Havre AC (FRA),Goalkeeper
DR Congo,Matthieu Epolo,Standard Liège (BEL),Goalkeeper
DR Congo,Timothy Fayulu,FC Noah (ARM),Goalkeeper
DR Congo,Aaron Tshibola,Kilmarnock FC (SCO),Midfielder
DR Congo,Charles Pickel,RCD Espanyol (ESP),Midfielder
DR Congo,Edo Kayembe,Watford FC (ENG),Midfielder
DR Congo,Nathanael Mbuku,Montpellier HSC (FRA),Midfielder
DR Congo,Ngalayel Mukau,Lille OSC (FRA),Midfielder
DR Congo,Noah Sadiki,Sunderland AFC (ENG),Midfielder
DR Congo,Samuel Moutoussamy,Atromitos FC (GRE),Midfielder
DR Congo,Theo Bongonda,FC Spartak Moscow (RUS),Midfielder
Ecuador,Angelo Preciado,Atlético Mineiro (BRA),Defender
Ecuador,Felix Torres,SC Internacional (BRA),Defender
Ecuador,Jackson Porozo,Club Tijuana (MEX),Defender
Ecuador,Joel Ordonez,Club Brugge (BEL),Defender
Ecuador,Pervis Estupinan,AC Milan (ITA),Defender
Ecuador,Piero Hincapie,Arsenal FC (ENG),Defender
Ecuador,Willian Pacho,Paris Saint-Germain (FRA),Defender
Ecuador,Yaimar Medina,KRC Genk (BEL),Defender
Ecuador,Enner Valencia,CF Pachuca (MEX),Forward
Ecuador,Gonzalo Plata,CR Flamengo (BRA),Forward
Ecuador,Jeremy Arevalo,VfB Stuttgart (GER),Forward
Ecuador,John Yeboah,Venezia FC (ITA),Forward
Ecuador,Jordy Caicedo,CA Huracán (ARG),Forward
Ecuador,Kevin Rodriguez,Royale Union Saint-Gilloise (BEL),Forward
Ecuador,Nilson Angulo,Sunderland AFC (ENG),Forward
Ecuador,Gonzalo Valle,LDU Quito (ECU),Goalkeeper
Ecuador,Hernan Galindez,CA Huracán (ARG),Goalkeeper
Ecuador,Moises Ramirez,AE Kifisia FC (GRE),Goalkeeper
Ecuador,Alan Franco,Atlético Mineiro (BRA),Midfielder
Ecuador,Alan Minda,Atlético Mineiro (BRA),Midfielder
Ecuador,Anthony Valencia,Royal Antwerp FC (BEL),Midfielder
Ecuador,Denil Castillo,FC Midtjylland (DEN),Midfielder
Ecuador,Jordy Alcivar,Independiente Del Valle (ECU),Midfielder
Ecuador,Kendry Paez,CA River Plate (ARG),Midfielder
Ecuador,Moises Caicedo,Chelsea FC (ENG),Midfielder
Ecuador,Pedro Vite,Pumas UNAM (MEX),Midfielder
Egypt,ABDELMONEIMMohamed Abdelmoneim Elsayed M Mohamed,OGC Nice (FRA),Defender
Egypt,Ahmed Fatouh,Zamalek SC (EGY),Defender
Egypt,Hossam Abdelmaguid,Zamalek SC (EGY),Defender
Egypt,Karim Hafez,Pyramids FC (EGY),Defender
Egypt,Mohamed Hany,Al Ahly FC (EGY),Defender
Egypt,Ramy Rabia,Al Ain FC (UAE),Defender
Egypt,Tarek Alaa,ZED FC (EGY),Defender
Egypt,Yasser Ibrahim,Al Ahly FC (EGY),Defender
Egypt,Haissem Hassan,Real Oviedo (ESP),Forward
Egypt,Hamza Abdelkarim,FC Barcelona (ESP),Forward
Egypt,Ibrahim Adel,FC Nordsjælland (DEN),Forward
Egypt,Mohamed Salah,Liverpool FC (ENG),Forward
Egypt,Omar Marmoush,Manchester City FC (ENG),Forward
Egypt,Trezeguet,Al Ahly FC (EGY),Forward
Egypt,Zizo,Al Ahly FC (EGY),Forward
Egypt,Mahdy Soliman,Zamalek SC (EGY),Goalkeeper
Egypt,Mohamed Alaa,El Gouna FC (EGY),Goalkeeper
Egypt,Mohamed Elshenawy,Al Ahly FC (EGY),Goalkeeper
Egypt,Mostafa Shoubir,Al Ahly FC (EGY),Goalkeeper
Egypt,Emam Ashour,Al Ahly FC (EGY),Midfielder
Egypt,Hamdy Fathy,Al Wakrah SC (QAT),Midfielder
Egypt,Mahmoud Saber,ZED FC (EGY),Midfielder
Egypt,Marawan Attia,Al Ahly FC (EGY),Midfielder
Egypt,Mohanad Lashin,Pyramids FC (EGY),Midfielder
Egypt,Mostafa Zico,Pyramids FC (EGY),Midfielder
Egypt,Nabil Donga,Al Najmah SC (KSA),Midfielder
England,Dan Burn,Newcastle United FC (ENG),Defender
England,Djed Spence,Tottenham Hotspur FC (ENG),Defender
England,Ezri Konsa,Aston Villa FC (ENG),Defender
England,Jarell Quansah,Bayer 04 Leverkusen (GER),Defender
England,John Stones,Manchester City FC (ENG),Defender
England,Marc Guehi,Manchester City FC (ENG),Defender
England,Nico Oreilly,Manchester City FC (ENG),Defender
England,Reece James,Chelsea FC (ENG),Defender
England,Tino Livramento,Newcastle United FC (ENG),Defender
England,Anthony Gordon,Newcastle United FC (ENG),Forward
England,Bukayo Saka,Arsenal FC (ENG),Forward
England,Harry Kane,FC Bayern München (GER),Forward
England,Ivan Toney,Al Ahli FC (KSA),Forward
England,Marcus Rashford,FC Barcelona (ESP),Forward
England,Noni Madueke,Arsenal FC (ENG),Forward
England,Ollie Watkins,Aston Villa FC (ENG),Forward
England,Dean Henderson,Crystal Palace FC (ENG),Goalkeeper
England,James Trafford,Manchester City FC (ENG),Goalkeeper
England,Jordan Pickford,Everton FC (ENG),Goalkeeper
England,Declan Rice,Arsenal FC (ENG),Midfielder
England,Eberechi Eze,Arsenal FC (ENG),Midfielder
England,Elliot Anderson,Nottingham Forest FC (ENG),Midfielder
England,Jordan Henderson,Brentford FC (ENG),Midfielder
England,Jude Bellingham,Real Madrid C. F. (ESP),Midfielder
England,Kobbie Mainoo,Manchester United FC (ENG),Midfielder
England,Morgan Rogers,Aston Villa FC (ENG),Midfielder
France,Dayot Upamecano,FC Bayern München (GER),Defender
France,Ibrahima Konate,Liverpool FC (ENG),Defender
France,Jules Kounde,FC Barcelona (ESP),Defender
France,Lucas Digne,Aston Villa FC (ENG),Defender
France,Lucas Hernandez,Paris Saint-Germain (FRA),Defender
France,Malo Gusto,Chelsea FC (ENG),Defender
France,Maxence Lacroix,Crystal Palace FC (ENG),Defender
France,Theo Hernandez,Al Hilal SC (KSA),Defender
France,William Saliba,Arsenal FC (ENG),Defender
France,Bradley Barcola,Paris Saint-Germain (FRA),Forward
France,Desire Doue,Paris Saint-Germain (FRA),Forward
France,Jean-Philippe Mateta,Crystal Palace FC (ENG),Forward
France,Kylian Mbappe,Real Madrid C. F. (ESP),Forward
France,Marcus Thuram,FC Internazionale Milano (ITA),Forward
France,Michael Olise,FC Bayern München (GER),Forward
France,Ousmane Dembele,Paris Saint-Germain (FRA),Forward
France,Brice Samba,Stade Rennais FC (FRA),Goalkeeper
France,Mike Maignan,AC Milan (ITA),Goalkeeper
France,Robin Risser,RC Lens (FRA),Goalkeeper
France,Adrien Rabiot,AC Milan (ITA),Midfielder
France,Aurelien Tchouameni,Real Madrid C. F. (ESP),Midfielder
France,Maghnes Akliouche,AS Monaco (FRA),Midfielder
France,Manu Kone,AS Roma (ITA),Midfielder
France,Ngolo Kante,Fenerbahçe SK (TUR),Midfielder
France,Rayan Cherki,Manchester City FC (ENG),Midfielder
France,Warren Zaire-Emery,Paris Saint-Germain (FRA),Midfielder
Germany,Antonio Ruediger,Real Madrid C. F. (ESP),Defender
Germany,David Raum,RB Leipzig (GER),Defender
Germany,Jonathan Tah,FC Bayern München (GER),Defender
Germany,Joshua Kimmich,FC Bayern München (GER),Defender
Germany,Malick Thiaw,Newcastle United FC (ENG),Defender
Germany,Nathaniel Brown,Eintracht Frankfurt (GER),Defender
Germany,Nico Schlotterbeck,Borussia Dortmund (GER),Defender
Germany,Waldemar Anton,Borussia Dortmund (GER),Defender
Germany,Deniz Undav,VfB Stuttgart (GER),Forward
Germany,Kai Havertz,Arsenal FC (ENG),Forward
Germany,Maximilian Beier,Borussia Dortmund (GER),Forward
Germany,Nick Woltemade,Newcastle United FC (ENG),Forward
Germany,Alexander Nuebel,VfB Stuttgart (GER),Goalkeeper
Germany,Manuel Neuer,FC Bayern München (GER),Goalkeeper
Germany,Oliver Baumann,TSG Hoffenheim (GER),Goalkeeper
Germany,Aleksandar Pavlovic,FC Bayern München (GER),Midfielder
Germany,Angelo Stiller,VfB Stuttgart (GER),Midfielder
Germany,Felix Nmecha,Borussia Dortmund (GER),Midfielder
Germany,Florian Wirtz,Liverpool FC (ENG),Midfielder
Germany,Jamal Musiala,FC Bayern München (GER),Midfielder
Germany,Jamie Leweling,VfB Stuttgart (GER),Midfielder
Germany,Lennart Karl,FC Bayern München (GER),Midfielder
Germany,Leon Goretzka,FC Bayern München (GER),Midfielder
Germany,Leroy Sane,Galatasaray SK (TUR),Midfielder
Germany,Nadiem Amiri,1. FSV Mainz 05 (GER),Midfielder
Germany,Pascal Gross,Brighton & Hove Albion FC (ENG),Midfielder
Ghana,Abdul Mumin,Rayo Vallecano (ESP),Defender
Ghana,Alidu Seidu,Stade Rennais FC (FRA),Defender
Ghana,Baba Rahman,PAOK Saloniki (GRE),Defender
Ghana,Derrick Luckassen,Pafos FC (CYP),Defender
Ghana,Gideon Mensah,AJ Auxerre (FRA),Defender
Ghana,Jerome Opoku,Başakşehir FK (TUR),Defender
Ghana,Jonas Adjetey,VfL Wolfsburg (GER),Defender
Ghana,Kojo Peprah Oppong,OGC Nice (FRA),Defender
Ghana,Marvin Senaya,AJ Auxerre (FRA),Defender
Ghana,Brandon Thomas-Asante,Coventry City FC (ENG),Forward
Ghana,Christopher Bonsu Baah,Al Qadsiah FC (KSA),Forward
Ghana,Ernest Nuamah,Olympique Lyonnais (FRA),Forward
Ghana,Fatawu Issahaku,Leicester City FC (ENG),Forward
Ghana,Inaki Williams,Athletic Club (ESP),Forward
Ghana,Jordan Ayew,Leicester City FC (ENG),Forward
Ghana,Kamaldeen Sulemana,Atalanta Bergamo (ITA),Forward
Ghana,Prince Adu,FC Viktoria Plzeň (CZE),Forward
Ghana,Benjamin Asare,Hearts Of Oak SC (GHA),Goalkeeper
Ghana,Joseph Anang,St Patrick's Athletic FC (IRL),Goalkeeper
Ghana,Lawrence Ati Zigi,FC St. Gallen (SUI),Goalkeeper
Ghana,Antoine Semenyo,Manchester City FC (ENG),Midfielder
Ghana,Augustine Boakye,AS Saint-Etienne (FRA),Midfielder
Ghana,Caleb Yirenkyi,FC Nordsjælland (DEN),Midfielder
Ghana,Elisha Owusu,AJ Auxerre (FRA),Midfielder
Ghana,Kwasi Sibo,Real Oviedo (ESP),Midfielder
Ghana,Thomas Partey,Villarreal CF (ESP),Midfielder
Haiti,Carlens Arcus,Angers SCO (FRA),Defender
Haiti,Hannes Delcroix,FC Lugano (SUI),Defender
Haiti,Jean-Kevin Duverne,KAA Gent (BEL),Defender
Haiti,Keeto Thermoncy,BSC Young Boys (SUI),Defender
Haiti,Markhus Lacroix,Colorado Springs Switchbacks FC (USA),Defender
Haiti,Martin Experience,AS Nancy (FRA),Defender
Haiti,Ricardo Ade,LDU Quito (ECU),Defender
Haiti,Wilguens Paugain,SV Zulte Waregem (BEL),Defender
Haiti,Derrick Etienne,Toronto FC (CAN),Forward
Haiti,Duckens Nazon,Esteghlal Tehran FC (IRN),Forward
Haiti,Frantzdy Pierrot,Çaykur Rizespor (TUR),Forward
Haiti,Josue Casimir,AJ Auxerre (FRA),Forward
Haiti,Lenny Joseph,Ferencvárosi TC (HUN),Forward
Haiti,Louicius Deedson,FC Dallas (USA),Forward
Haiti,Ruben Providence,Almere City FC (NED),Forward
Haiti,Wilson Isidor,Sunderland AFC (ENG),Forward
Haiti,Yassin Fortune,FC Vizela (POR),Forward
Haiti,Alexandre Pierre,FC Sochaux-Montbéliard (FRA),Goalkeeper
Haiti,Johny Placide,SC Bastia (FRA),Goalkeeper
Haiti,Josue Duverger,FC Cosmos Koblenz (GER),Goalkeeper
Haiti,Carl Sainte,El Paso Locomotive FC (USA),Midfielder
Haiti,Danley Jean Jacques,Philadelphia Union (USA),Midfielder
Haiti,Dominique Simon,FC Tatran Prešov (SVK),Midfielder
Haiti,Jean-RicnerJean Ricner Bellegarde,Wolverhampton Wanderers FC (ENG),Midfielder
Haiti,Leverton Pierre,FC Vizela (POR),Midfielder
Haiti,Woodensky Pierre,Violette AC (HAI),Midfielder
Iran,Ali Nemati,Foolad Khuzestan FC (IRN),Defender
Iran,Arya Yousefi,Sepahan SC (IRN),Defender
Iran,Danial Iri,Malavan Anzali FC (IRN),Defender
Iran,Ehsan Hajisafi,Sepahan SC (IRN),Defender
Iran,Hossein Kanani,Persepolis FC (IRN),Defender
Iran,Milad Mohammadi,Persepolis FC (IRN),Defender
Iran,Ramin Rezaeian,Foolad Khuzestan FC (IRN),Defender
Iran,Saleh Hardani,Esteghlal Tehran FC (IRN),Defender
Iran,Shoja Khalilzadeh,Tractor Sazi Tabriz FC (IRN),Defender
Iran,Ali Alipour,Persepolis FC (IRN),Forward
Iran,Amirhossein Hosseinzadeh,Tractor Sazi Tabriz FC (IRN),Forward
Iran,Dennis Dargahi,Standard Liège (BEL),Forward
Iran,Mehdi Ghayedi,Al Nasr SC (UAE),Forward
Iran,Mehdi Taremi,Olympiacos FC (GRE),Forward
Iran,Shahriyar Moghanloo,Al Ittihad Kalba SCC (UAE),Forward
Iran,Alireza Beiranvand,Tractor Sazi Tabriz FC (IRN),Goalkeeper
Iran,Hossein Hosseini,Sepahan SC (IRN),Goalkeeper
Iran,Payam Niazmand,Persepolis FC (IRN),Goalkeeper
Iran,Alireza Jahanbakhsh,FCV Dender EH (BEL),Midfielder
Iran,Amirmohammad Razaghinia,Esteghlal Tehran FC (IRN),Midfielder
Iran,Mehdi Torabi,Tractor Sazi Tabriz FC (IRN),Midfielder
Iran,Mohammad Ghorbani,Al Wahda SC (UAE),Midfielder
Iran,Mohammad Mohebbi,FC Rostov (RUS),Midfielder
Iran,Roozbeh Cheshmi,Esteghlal Tehran FC (IRN),Midfielder
Iran,Saeid Ezatolahi,Shabab Al Ahli Club (UAE),Midfielder
Iran,Saman Ghoddos,Al Ittihad Kalba SCC (UAE),Midfielder
Iraq,Ahmed Yahya,Al Shorta SC (IRQ),Defender
Iraq,Akam Hashim,Al Zawra'a SC (IRQ),Defender
Iraq,Frans Putros,Persib Bandung (IDN),Defender
Iraq,Hussein Ali,Pogoń Szczecin (POL),Defender
Iraq,Merchas Doski,FC Viktoria Plzeň (CZE),Defender
Iraq,Munaf Younus,Al Shorta SC (IRQ),Defender
Iraq,Mustafa Saadoon,Al Shorta SC (IRQ),Defender
Iraq,Rebin Ghareeb,Port FC (THA),Defender
Iraq,Zaid Tahseen,Pakhtakor Tashkent FK (UZB),Defender
Iraq,Ahmed Qasim,Nashville SC (USA),Forward
Iraq,Ali Alhamadi,Luton Town FC (ENG),Forward
Iraq,Ali Jasim,Al Najmah SC (KSA),Forward
Iraq,Ali Yousif,Al Talaba SC (IRQ),Forward
Iraq,Aymen Hussein,Al Karma SC (IRQ),Forward
Iraq,Marko Farji,Venezia FC (ITA),Forward
Iraq,Mohanad Ali,Dibba FC (UAE),Forward
Iraq,Ahmed Basil,Al Shorta SC (IRQ),Goalkeeper
Iraq,Fahad Talib,Al Talaba SC (IRQ),Goalkeeper
Iraq,Jalal Hassan,Al Zawra'a SC (IRQ),Goalkeeper
Iraq,Aimar Sher,Sarpsborg 08 FF (NOR),Midfielder
Iraq,Amir Alammari,KS Cracovia (POL),Midfielder
Iraq,Ibrahim Bayesh,Al Dhafra SCC (UAE),Midfielder
Iraq,Kevin Yakob,Aarhus GF (DEN),Midfielder
Iraq,Youssef Amyn,AEK Larnaca FC (CYP),Midfielder
Iraq,Zaid Ismael,Al Talaba SC (IRQ),Midfielder
Iraq,Zidane Iqbal,FC Utrecht (NED),Midfielder
Ivory Coast,Christopher Operi,Başakşehir FK (TUR),Defender
Ivory Coast,Emmanuel Agbadou,Beşiktaş JK (TUR),Defender
Ivory Coast,Evan Ndicka,AS Roma (ITA),Defender
Ivory Coast,Ghislain Konan,Gil Vicente FC (POR),Defender
Ivory Coast,Guela Doue,RC Strasbourg (FRA),Defender
Ivory Coast,Odilon Kossounou,Atalanta Bergamo (ITA),Defender
Ivory Coast,Ousmane Diomande,Sporting CP (POR),Defender
Ivory Coast,Wilfried Singo,Galatasaray SK (TUR),Defender
Ivory Coast,Amad Diallo,Manchester United FC (ENG),Forward
Ivory Coast,Ange-Yoan Bonny,FC Internazionale Milano (ITA),Forward
Ivory Coast,Bazoumana Toure,TSG Hoffenheim (GER),Forward
Ivory Coast,Elye Wahi,OGC Nice (FRA),Forward
Ivory Coast,Evann Guessand,Crystal Palace FC (ENG),Forward
Ivory Coast,Nicolas Pepe,Villarreal CF (ESP),Forward
Ivory Coast,Oumar Diakite,Cercle Brugge (BEL),Forward
Ivory Coast,Simon Adingra,AS Monaco (FRA),Forward
Ivory Coast,Yan Diomande,RB Leipzig (GER),Forward
Ivory Coast,Alban Lafont,Panathinaikos FC (GRE),Goalkeeper
Ivory Coast,Mohamed Kone,Sporting Charleroi (BEL),Goalkeeper
Ivory Coast,Yahia Fofana,Çaykur Rizespor (TUR),Goalkeeper
Ivory Coast,Christ Inao Oulai,Trabzonspor (TUR),Midfielder
Ivory Coast,Franck Kessie,Al Ahli FC (KSA),Midfielder
Ivory Coast,Ibrahim Sangare,Nottingham Forest FC (ENG),Midfielder
Ivory Coast,Jean Michael Seri,NK Maribor (SVN),Midfielder
Ivory Coast,Parfait Guiagon,Sporting Charleroi (BEL),Midfielder
Ivory Coast,Seko Fofana,FC Porto (POR),Midfielder
Japan,Ayumu Seko,Le Havre AC (FRA),Defender
Japan,Hiroki Ito,FC Bayern München (GER),Defender
Japan,Junnosuke Suzuki,FC København (DEN),Defender
Japan,Kou Itakura,AFC Ajax (NED),Defender
Japan,Shogo Taniguchi,Sint-Truiden VV (BEL),Defender
Japan,Takehiro Tomiyasu,AFC Ajax (NED),Defender
Japan,Tsuyoshi Watanabe,Feyenoord Rotterdam (NED),Defender
Japan,Yukinari Sugawara,SV Werder Bremen (GER),Defender
Japan,Yuto Nagatomo,FC Tokyo (JPN),Defender
Japan,Ayase Ueda,Feyenoord Rotterdam (NED),Forward
Japan,Keisuke Goto,Sint-Truiden VV (BEL),Forward
Japan,Kento Shiogai,VfL Wolfsburg (GER),Forward
Japan,Koki Ogawa,NEC Nijmegen (NED),Forward
Japan,Keisuke Osako,Sanfrecce Hiroshima (JPN),Goalkeeper
Japan,Tomoki Hayakawa,Kashima Antlers (JPN),Goalkeeper
Japan,Zion Suzuki,Parma (ITA),Goalkeeper
Japan,Ao Tanaka,Leeds United FC (ENG),Midfielder
Japan,Daichi Kamada,Crystal Palace FC (ENG),Midfielder
Japan,Daizen Maeda,Celtic FC (SCO),Midfielder
Japan,Junya Ito,KRC Genk (BEL),Midfielder
Japan,Kaishu Sano,1. FSV Mainz 05 (GER),Midfielder
Japan,Keito Nakamura,Stade Reims (FRA),Midfielder
Japan,Ritsu Doan,Eintracht Frankfurt (GER),Midfielder
Japan,Takefusa Kubo,Real Sociedad (ESP),Midfielder
Japan,Wataru Endo,Liverpool FC (ENG),Midfielder
Japan,Yuito Suzuki,SC Freiburg (GER),Midfielder
Jordan,Abdallah Nasib,Al Zawra'a SC (IRQ),Defender
Jordan,Anas Badawi,Al Faisaly SC (JOR),Defender
Jordan,Ehsan Haddad,Al Hussein SC (JOR),Defender
Jordan,Husam Abudahab,Al Faisaly SC (JOR),Defender
Jordan,Mohammad Abualnadi,Selangor FC (MAS),Defender
Jordan,Mohammad Abuhasheesh,Al Karma SC (IRQ),Defender
Jordan,Saed Alrosan,Al Hussein SC (JOR),Defender
Jordan,Saleem Obaid,Al Hussein SC (JOR),Defender
Jordan,Yazan Alarab,FC Seoul (KOR),Defender
Jordan,Ali Azaizeh,Al Shabab FC (KSA),Forward
Jordan,Ali Olwan,Al Sailiya SC (QAT),Forward
Jordan,Ibrahim Sabra,NK Lokomotiva Zagreb (CRO),Forward
Jordan,Mahmoud Almardi,Al Hussein SC (JOR),Forward
Jordan,Mohammad Abuzraiq,Raja Casablanca (MAR),Forward
Jordan,Mousa Altamari,Stade Rennais FC (FRA),Forward
Jordan,Odeh Fakhoury,Pyramids FC (EGY),Forward
Jordan,Abdallah Alfakhori,Al Wahdat SC (JOR),Goalkeeper
Jordan,Nour Baniateyah,Al Faisaly SC (JOR),Goalkeeper
Jordan,Yazeed Abulaila,Al Hussein SC (JOR),Goalkeeper
Jordan,Amer Jamous,Al Zawra'a SC (IRQ),Midfielder
Jordan,Ibrahim Sadeh,Al Karma SC (IRQ),Midfielder
Jordan,Mohammad Aldaoud,Al Wahdat SC (JOR),Midfielder
Jordan,Mohannad Abutaha,Al-Quwa Al-Jawiya (IRQ),Midfielder
Jordan,Nizar Alrashdan,Qatar SC (QAT),Midfielder
Jordan,Noor Alrawabdeh,Selangor FC (MAS),Midfielder
Jordan,Rajaei Ayed,Al Hussein SC (JOR),Midfielder
Mexico,Cesar Montes,FC Lokomotiv Moscow (RUS),Defender
Mexico,Edson Alvarez,Fenerbahçe SK (TUR),Defender
Mexico,Israel Reyes,Club América (MEX),Defender
Mexico,Jesus Gallardo,Deportivo Toluca FC (MEX),Defender
Mexico,Johan Vasquez,Genoa CFC (ITA),Defender
Mexico,Jorge Sanchez,PAOK Saloniki (GRE),Defender
Mexico,Mateo Chavez,AZ Alkmaar (NED),Defender
Mexico,Alexis Vega,Deportivo Toluca FC (MEX),Forward
Mexico,Armando Gonzalez,CD Guadalajara (MEX),Forward
Mexico,Cesar Huerta,RSC Anderlecht (BEL),Forward
Mexico,Guillermo Martinez,Pumas UNAM (MEX),Forward
Mexico,Julian Quinones,Al Qadsiah FC (KSA),Forward
Mexico,Raul Jimenez,Fulham FC (ENG),Forward
Mexico,Roberto Alvarado,CD Guadalajara (MEX),Forward
Mexico,Santiago Gimenez,AC Milan (ITA),Forward
Mexico,Carlos Acevedo,Club Santos Laguna (MEX),Goalkeeper
Mexico,Guillermo Ochoa,AEL Limassol (CYP),Goalkeeper
Mexico,Raul Rangel,CD Guadalajara (MEX),Goalkeeper
Mexico,Alvaro Fidalgo,Real Betis (ESP),Midfielder
Mexico,Brian Gutierrez,CD Guadalajara (MEX),Midfielder
Mexico,Erik Lira,CF Cruz Azul (MEX),Midfielder
Mexico,Gilberto Mora,Club Tijuana (MEX),Midfielder
Mexico,Luis Chavez,FC Dynamo Moscow (RUS),Midfielder
Mexico,Luis Romo,CD Guadalajara (MEX),Midfielder
Mexico,Obed Vargas,Atlético De Madrid (ESP),Midfielder
Mexico,Orbelin Pineda,AEK Athens (GRE),Midfielder
Morocco,Achraf Hakimi,Paris Saint-Germain (FRA),Defender
Morocco,Anass Salah Eddine,PSV Eindhoven (NED),Defender
Morocco,Chadi Riad,Crystal Palace FC (ENG),Defender
Morocco,Issa Diop,Fulham FC (ENG),Defender
Morocco,Nayef Aguerd,Olympique Marseille (FRA),Defender
Morocco,Noussair Mazraoui,Manchester United FC (ENG),Defender
Morocco,Redouane Halhal,KV Mechelen (BEL),Defender
Morocco,Youssef Belammari,Al Ahly FC (EGY),Defender
Morocco,Zakaria el Ouahdi,KRC Genk (BEL),Defender
Morocco,Abde Ezzalzouli,Real Betis (ESP),Forward
Morocco,Ayoub el Kaabi,Olympiacos FC (GRE),Forward
Morocco,Ayoube Amaimouni,Eintracht Frankfurt (GER),Forward
Morocco,Brahim Diaz,Real Madrid C. F. (ESP),Forward
Morocco,Soufiane Rahimi,Al Ain FC (UAE),Forward
Morocco,Ahmed Reda Tagnaouti,ASFAR (MAR),Goalkeeper
Morocco,Munir el Kajoui,RS Berkane (MAR),Goalkeeper
Morocco,Yassine Bounou,Al Hilal SC (KSA),Goalkeeper
Morocco,Ayyoub Bouaddi,Lille OSC (FRA),Midfielder
Morocco,Azzedine Ounahi,Girona FC (ESP),Midfielder
Morocco,Bilal el Khannouss,VfB Stuttgart (GER),Midfielder
Morocco,Chemsdine Talbi,Sunderland AFC (ENG),Midfielder
Morocco,Gessime Yassine,RC Strasbourg (FRA),Midfielder
Morocco,Ismael Saibari,PSV Eindhoven (NED),Midfielder
Morocco,Neil el Aynaoui,AS Roma (ITA),Midfielder
Morocco,Samir el Mourabet,RC Strasbourg (FRA),Midfielder
Morocco,Sofyan Amrabat,Real Betis (ESP),Midfielder
Netherlands,Denzel Dumfries,FC Internazionale Milano (ITA),Defender
Netherlands,Jan Paul van Hecke,Brighton & Hove Albion FC (ENG),Defender
Netherlands,Jorrel Hato,Chelsea FC (ENG),Defender
Netherlands,Jurrien Timber,Arsenal FC (ENG),Defender
Netherlands,Mats Wieffer,Brighton & Hove Albion FC (ENG),Defender
Netherlands,Micky van de Ven,Tottenham Hotspur FC (ENG),Defender
Netherlands,Nathan Ake,Manchester City FC (ENG),Defender
Netherlands,Virgil van Dijk,Liverpool FC (ENG),Defender
Netherlands,Brian Brobbey,Sunderland AFC (ENG),Forward
Netherlands,Cody Gakpo,Liverpool FC (ENG),Forward
Netherlands,Crysencio Summerville,West Ham United FC (ENG),Forward
Netherlands,Donyell Malen,AS Roma (ITA),Forward
Netherlands,Memphis Depay,SC Corinthians (BRA),Forward
Netherlands,Noa Lang,Galatasaray SK (TUR),Forward
Netherlands,Wout Weghorst,AFC Ajax (NED),Forward
Netherlands,Bart Verbruggen,Brighton & Hove Albion FC (ENG),Goalkeeper
Netherlands,Mark Flekken,Bayer 04 Leverkusen (GER),Goalkeeper
Netherlands,Robin Roefs,Sunderland AFC (ENG),Goalkeeper
Netherlands,Frenkie de Jong,FC Barcelona (ESP),Midfielder
Netherlands,Guus Til,PSV Eindhoven (NED),Midfielder
Netherlands,Justin Kluivert,AFC Bournemouth (ENG),Midfielder
Netherlands,Marten de Roon,Atalanta Bergamo (ITA),Midfielder
Netherlands,Quinten Timber,Olympique Marseille (FRA),Midfielder
Netherlands,Ryan Gravenberch,Liverpool FC (ENG),Midfielder
Netherlands,Teun Koopmeiners,Juventus FC (ITA),Midfielder
Netherlands,Tijjani Reijnders,Manchester City FC (ENG),Midfielder
New Zealand,Callan Elliot,Auckland FC (NZL),Defender
New Zealand,Finn Surman,Portland Timbers (USA),Defender
New Zealand,Francis de Vries,Auckland FC (NZL),Defender
New Zealand,Liberato Cacace,Wrexham AFC (WAL),Defender
New Zealand,Michael Boxall,Minnesota United FC (USA),Defender
New Zealand,Nando Pijnaker,Auckland FC (NZL),Defender
New Zealand,Tim Payne,Wellington Phoenix FC (NZL),Defender
New Zealand,Tommy Smith,Braintree Town FC (ENG),Defender
New Zealand,Tyler Bindon,Shefield United FC (ENG),Defender
New Zealand,Ben Waine,Port Vale FC (ENG),Forward
New Zealand,Chris Wood,Nottingham Forest FC (ENG),Forward
New Zealand,Jesse Randall,Auckland FC (NZL),Forward
New Zealand,Kosta Barbarouses,WS Wanderers FC (AUS),Forward
New Zealand,Alex Paulsen,Lechia Gdańsk (POL),Goalkeeper
New Zealand,Max Crocombe,Millwall FC (ENG),Goalkeeper
New Zealand,Michael Woud,Auckland FC (NZL),Goalkeeper
New Zealand,Alex Rufer,Wellington Phoenix FC (NZL),Midfielder
New Zealand,Ben Old,AS Saint-Etienne (FRA),Midfielder
New Zealand,Elijah Just,Motherwell FC (SCO),Midfielder
New Zealand,Joe Bell,Viking Stavanger (NOR),Midfielder
New Zealand,Lachlan Bayliss,Newcastle United Jets FC (AUS),Midfielder
New Zealand,Marko Stamenic,Swansea City AFC (WAL),Midfielder
New Zealand,Matthew Garbett,Peterborough United FC (ENG),Midfielder
New Zealand,McCOWATT Callum,Silkeborg IF (DEN),Midfielder
New Zealand,Ryan Thomas,PEC Zwolle (NED),Midfielder
New Zealand,Sarpreet Singh,Wellington Phoenix FC (NZL),Midfielder
Norway,David Moller Wolfe,Wolverhampton Wanderers FC (ENG),Defender
Norway,Fredrik Andre Bjorkan,FK Bodø/Glimt (NOR),Defender
Norway,Henrik Falchener,Viking Stavanger (NOR),Defender
Norway,Kristoffer Ajer,Brentford FC (ENG),Defender
Norway,Leo Ostigard,Genoa CFC (ITA),Defender
Norway,Marcus Holmgren Pedersen,Torino FC (ITA),Defender
Norway,Sondre Langas,Derby County FC (ENG),Defender
Norway,Torbjorn Heggem,Bologna FC (ITA),Defender
Norway,Alexander Sorloth,Atlético De Madrid (ESP),Forward
Norway,Antonio Nusa,RB Leipzig (GER),Forward
Norway,Erling Haaland,Manchester City FC (ENG),Forward
Norway,Jorgen Strand Larsen,Crystal Palace FC (ENG),Forward
Norway,Julian Ryerson,Borussia Dortmund (GER),Forward
Norway,Egil Selvik,Watford FC (ENG),Goalkeeper
Norway,Orjan Nyland,Sevilla FC (ESP),Goalkeeper
Norway,Sander Tangvik,Hamburger SV (GER),Goalkeeper
Norway,Andreas Schjelderup,SL Benfica (POR),Midfielder
Norway,Fredrik Aursnes,SL Benfica (POR),Midfielder
Norway,Jens Petter Hauge,FK Bodø/Glimt (NOR),Midfielder
Norway,Kristian Thorstvedt,US Sassuolo (ITA),Midfielder
Norway,Martin Odegaard,Arsenal FC (ENG),Midfielder
Norway,Morten Thorsby,US Cremonese (ITA),Midfielder
Norway,Oscar Bobb,Fulham FC (ENG),Midfielder
Norway,Patrick Berg,FK Bodø/Glimt (NOR),Midfielder
Norway,Sander Berge,Fulham FC (ENG),Midfielder
Norway,Thelo Aasgaard,Rangers FC (SCO),Midfielder
Panama,Amir Murillo,Beşiktaş JK (TUR),Defender
Panama,Andres Andrade,LASK Linz (AUT),Defender
Panama,Carlos Harvey,Minnesota United FC (USA),Defender
Panama,Cesar Blackman,ŠK Slovan Bratislava (SVK),Defender
Panama,Edgardo Farina,FC Pari Nizhny Novgorod (RUS),Defender
Panama,Eric Davis,CD Plaza Amador (PAN),Defender
Panama,Fidel Escobar,Deportivo Saprissa (CRC),Defender
Panama,Jiovany Ramos,Puerto Cabello CF (VEN),Defender
Panama,Jorge Gutierrez,Deportivo La Guaira (VEN),Defender
Panama,Jose Cordoba,Norwich City FC (ENG),Defender
Panama,Roderick Miller,Turan Tovuz (AZE),Defender
Panama,Azarias Londono,CD Universidad Católica (ECU),Forward
Panama,Cecilio Waterman,CD Universidad De Concepción (CHI),Forward
Panama,Jose Fajardo,CD Universidad Católica (ECU),Forward
Panama,Tomas Rodriguez,Deportivo Saprissa (CRC),Forward
Panama,Cesar Samudio,CD Marathón (HON),Goalkeeper
Panama,Luis Mejia,Club Nacional (URU),Goalkeeper
Panama,Orlando Mosquera,Al Fayha FC (KSA),Goalkeeper
Panama,Adalberto Carrasquilla,Pumas UNAM (MEX),Midfielder
Panama,Alberto Quintero,CD Plaza Amador (PAN),Midfielder
Panama,Anibal Godoy,San Diego FC (USA),Midfielder
Panama,Cesar Yanis,CD Cobresal (CHI),Midfielder
Panama,Cristian Martinez,Hapoel Kiryat Shmona FC (ISR),Midfielder
Panama,Edgar Yoel Barcenas,Mazatlán FC (MEX),Midfielder
Panama,Ismael Diaz,Club León (MEX),Midfielder
Panama,Jose Luis Rodriguez,FC Juárez (MEX),Midfielder
Paraguay,Alexandro Maidana,CA Talleres (ARG),Defender
Paraguay,Fabian Balbuena,Grêmio FBPA (BRA),Defender
Paraguay,Gustavo Gomez,SE Palmeiras (BRA),Defender
Paraguay,Gustavo Velazquez,Cerro Porteño (PAR),Defender
Paraguay,Jose Canale,CA Lanús (ARG),Defender
Paraguay,Juan Jose Caceres,FC Dynamo Moscow (RUS),Defender
Paraguay,Junior Alonso,Atlético Mineiro (BRA),Defender
Paraguay,Omar Alderete,Sunderland AFC (ENG),Defender
Paraguay,Alejandro Romero Gamarra,Al Ain FC (UAE),Forward
Paraguay,Alex Arce,CS Independiente Rivadavia (ARG),Forward
Paraguay,Antonio Sanabria,US Cremonese (ITA),Forward
Paraguay,Gabriel Avalos,CA Independiente (ARG),Forward
Paraguay,Isidro Pitta,Red Bull Bragantino (BRA),Forward
Paraguay,Julio Enciso,RC Strasbourg (FRA),Forward
Paraguay,Gaston Olveira,Club Olimpia (PAR),Goalkeeper
Paraguay,Gatito Fernandez,Cerro Porteño (PAR),Goalkeeper
Paraguay,Orlando Gill,CA San Lorenzo (ARG),Goalkeeper
Paraguay,Andres Cubas,Vancouver Whitecaps FC (CAN),Midfielder
Paraguay,Braian Ojeda,Orlando City SC (USA),Midfielder
Paraguay,Damian Bobadilla,São Paulo FC (BRA),Midfielder
Paraguay,Diego Gomez,Brighton & Hove Albion FC (ENG),Midfielder
Paraguay,Gustavo Caballero,Portsmouth FC (ENG),Midfielder
Paraguay,Matias Galarza,Atlanta United FC (USA),Midfielder
Paraguay,Mauricio,SE Palmeiras (BRA),Midfielder
Paraguay,Miguel Almiron,Atlanta United FC (USA),Midfielder
Paraguay,Ramon Sosa,SE Palmeiras (BRA),Midfielder
Portugal,Diogo Dalot,Manchester United FC (ENG),Defender
Portugal,Goncalo Inacio,Sporting CP (POR),Defender
Portugal,Joao Cancelo,FC Barcelona (ESP),Defender
Portugal,Nelson Semedo,Fenerbahçe SK (TUR),Defender
Portugal,Nuno Mendes,Paris Saint-Germain (FRA),Defender
Portugal,Renato Veiga,Villarreal CF (ESP),Defender
Portugal,Ruben Dias,Manchester City FC (ENG),Defender
Portugal,Samu Costa,RCD Mallorca (ESP),Defender
Portugal,Tomas Araujo,SL Benfica (POR),Defender
Portugal,Cristiano Ronaldo,Al Nassr FC (KSA),Forward
Portugal,Francisco Conceicao,Juventus FC (ITA),Forward
Portugal,Francisco Trincao,Sporting CP (POR),Forward
Portugal,Goncalo Guedes,Real Sociedad (ESP),Forward
Portugal,Goncalo Ramos,Paris Saint-Germain (FRA),Forward
Portugal,Joao Felix,Al Nassr FC (KSA),Forward
Portugal,Pedro Neto,Chelsea FC (ENG),Forward
Portugal,Rafael Leao,AC Milan (ITA),Forward
Portugal,Diogo Costa,FC Porto (POR),Goalkeeper
Portugal,Jose Sa,Wolverhampton Wanderers FC (ENG),Goalkeeper
Portugal,Rui Silva,Sporting CP (POR),Goalkeeper
Portugal,Bernardo Silva,Manchester City FC (ENG),Midfielder
Portugal,Bruno Fernandes,Manchester United FC (ENG),Midfielder
Portugal,Joao Neves,Paris Saint-Germain (FRA),Midfielder
Portugal,Matheus Nunes,Manchester City FC (ENG),Midfielder
Portugal,Ruben Neves,Al Hilal SC (KSA),Midfielder
Portugal,Vitinha,Paris Saint-Germain (FRA),Midfielder
Qatar,Alhashmi Alhussein,Al Arabi SC (QAT),Defender
Qatar,Ayoub Aloui,Al Gharafa SC (QAT),Defender
Qatar,Boualem Khoukhi,Al Sadd SC (QAT),Defender
Qatar,Homam Ahmed,Cultural Leonesa (ESP),Defender
Qatar,Issa Laye,Al Arabi SC (QAT),Defender
Qatar,Jassem Gaber,Al Rayyan SC (QAT),Defender
Qatar,Lucas Mendes,Al Wakrah SC (QAT),Defender
Qatar,Pedro Miguel,Al Sadd SC (QAT),Defender
Qatar,Sultan Albrake,Al Duhail SC (QAT),Defender
Qatar,Ahmed Alaaeldin,Al Rayyan SC (QAT),Forward
Qatar,Akram Afif,Al Sadd SC (QAT),Forward
Qatar,Almoez Ali,Al Duhail SC (QAT),Forward
Qatar,Edmilson Junior,Al Duhail SC (QAT),Forward
Qatar,Hassan Alhaydos,Al Sadd SC (QAT),Forward
Qatar,Mohamed Manai,Al Shamal SC (QAT),Forward
Qatar,Mohammed Muntari,Al Gharafa SC (QAT),Forward
Qatar,Tahsin Jamshid,Al Duhail SC (QAT),Forward
Qatar,Yusuf Abdurisag,Al Wakrah SC (QAT),Forward
Qatar,Mahmoud Abunada,Al Rayyan SC (QAT),Goalkeeper
Qatar,Meshaal Barsham,Al Sadd SC (QAT),Goalkeeper
Qatar,Salah Zakaria,Al Duhail SC (QAT),Goalkeeper
Qatar,Abdulaziz Hatem,Al Rayyan SC (QAT),Midfielder
Qatar,Ahmed Alganehi,Al Gharafa SC (QAT),Midfielder
Qatar,Ahmed Fathy,Al Arabi SC (QAT),Midfielder
Qatar,Assim Madibo,Al Wakrah SC (QAT),Midfielder
Qatar,Karim Boudiaf,Al Duhail SC (QAT),Midfielder
Saudi Arabia,Abdulelah Alamri,Al Nassr FC (KSA),Defender
Saudi Arabia,Ali Lajami,Al Hilal SC (KSA),Defender
Saudi Arabia,Ali Majrashi,Al Ahli FC (KSA),Defender
Saudi Arabia,Hassan Altambakti,Al Hilal SC (KSA),Defender
Saudi Arabia,Hassan Kadish,Al Ittihad (KSA),Defender
Saudi Arabia,Jehad Thikri,Al Qadsiah FC (KSA),Defender
Saudi Arabia,Mohammed Abu Alshamat,Al Qadsiah FC (KSA),Defender
Saudi Arabia,Moteb Alharbi,Al Hilal SC (KSA),Defender
Saudi Arabia,Nawaf Bu Washl,Al Nassr FC (KSA),Defender
Saudi Arabia,Saud Abdulhamid,RC Lens (FRA),Defender
Saudi Arabia,Abdullah Alhamddan,Al Nassr FC (KSA),Forward
Saudi Arabia,Aiman Yahya,Al Nassr FC (KSA),Forward
Saudi Arabia,Feras Albrikan,Al Ahli FC (KSA),Forward
Saudi Arabia,Khalid Alghannam,Al Ettifaq FC (KSA),Forward
Saudi Arabia,Saleh Alshehri,Al Ittihad (KSA),Forward
Saudi Arabia,Salem Aldawsari,Al Hilal SC (KSA),Forward
Saudi Arabia,Sultan Mandash,Al Hilal SC (KSA),Forward
Saudi Arabia,Ahmed Alkassar,Al Qadsiah FC (KSA),Goalkeeper
Saudi Arabia,Mohammed Alowais,Al Ula Saudi FC (KSA),Goalkeeper
Saudi Arabia,Nawaf Alaqidi,Al Nassr FC (KSA),Goalkeeper
Saudi Arabia,Abdullah Alkhaibari,Al Nassr FC (KSA),Midfielder
Saudi Arabia,Ala Alhajji,Neom SC (KSA),Midfielder
Saudi Arabia,Mohamed Kanno,Al Hilal SC (KSA),Midfielder
Saudi Arabia,Musab Aljuwayr,Al Qadsiah FC (KSA),Midfielder
Saudi Arabia,Nasser Aldawsari,Al Hilal SC (KSA),Midfielder
Saudi Arabia,Ziyad Aljohani,Al Ahli FC (KSA),Midfielder
Scotland,Aaron Hickey,Brentford FC (ENG),Defender
Scotland,Andy Robertson,Liverpool FC (ENG),Defender
Scotland,Anthony Ralston,Celtic FC (SCO),Defender
Scotland,Dominic Hyam,Wrexham AFC (WAL),Defender
Scotland,Grant Hanley,Hibernian FC (SCO),Defender
Scotland,Jack Hendry,Al Ettifaq FC (KSA),Defender
Scotland,John Souttar,Rangers FC (SCO),Defender
Scotland,Kieran Tierney,Celtic FC (SCO),Defender
Scotland,McKENNA Scott,GNK Dinamo Zagreb (CRO),Defender
Scotland,Nathan Patterson,Everton FC (ENG),Defender
Scotland,Ben Gannon-Doak,AFC Bournemouth (ENG),Forward
Scotland,Che Adams,Torino FC (ITA),Forward
Scotland,Findlay Curtis,Kilmarnock FC (SCO),Forward
Scotland,George Hirst,Ipswich Town FC (ENG),Forward
Scotland,Lawrence Shankland,Heart Of Midlothian FC (SCO),Forward
Scotland,Lyndon Dykes,Charlton Athletic FC (ENG),Forward
Scotland,Ross Stewart,Southampton FC (ENG),Forward
Scotland,Angus Gunn,Nottingham Forest FC (ENG),Goalkeeper
Scotland,Craig Gordon,Heart Of Midlothian FC (SCO),Goalkeeper
Scotland,Liam Kelly,Rangers FC (SCO),Goalkeeper
Scotland,Lewis Ferguson,Bologna FC (ITA),Midfielder
Scotland,McGINN John,Aston Villa FC (ENG),Midfielder
Scotland,McLEAN Kenny,Norwich City FC (ENG),Midfielder
Scotland,McTOMINAY Scott,SSC Napoli (ITA),Midfielder
Scotland,Ryan Christie,AFC Bournemouth (ENG),Midfielder
Scotland,Tyler Fletcher,Manchester United FC (ENG),Midfielder
Senegal,Abdoulaye Seck,Maccabi Haifa FC (ISR),Defender
Senegal,Antoine Mendy,OGC Nice (FRA),Defender
Senegal,Ismail Jakobs,Galatasaray SK (TUR),Defender
Senegal,Kalidou Koulibaly,Al Hilal SC (KSA),Defender
Senegal,Krepin Diatta,AS Monaco (FRA),Defender
Senegal,Mamadou Sarr,Chelsea FC (ENG),Defender
Senegal,Moussa Niakhate,Olympique Lyonnais (FRA),Defender
Senegal,el Hadji Malick Diouf,West Ham United FC (ENG),Defender
Senegal,Assane Diao,Como (ITA),Forward
Senegal,Bamba Dieng,FC Lorient (FRA),Forward
Senegal,Cherif Ndiaye,Samsunspor (TUR),Forward
Senegal,Ibrahim Mbaye,Paris Saint-Germain (FRA),Forward
Senegal,Iliman Ndiaye,Everton FC (ENG),Forward
Senegal,Ismaila Sarr,Crystal Palace FC (ENG),Forward
Senegal,Nicolas Jackson,FC Bayern München (GER),Forward
Senegal,Sadio Mane,Al Nassr FC (KSA),Forward
Senegal,Edouard Mendy,Al Ahli FC (KSA),Goalkeeper
Senegal,Mory Diaw,Le Havre AC (FRA),Goalkeeper
Senegal,Yehvann Diouf,OGC Nice (FRA),Goalkeeper
Senegal,Bara Sapoko Ndiaye,FC Bayern München (GER),Midfielder
Senegal,Habib Diarra,Sunderland AFC (ENG),Midfielder
Senegal,Idrissa Gana Gueye,Everton FC (ENG),Midfielder
Senegal,Lamine Camara,AS Monaco (FRA),Midfielder
Senegal,Pape Gueye,Villarreal CF (ESP),Midfielder
Senegal,Pape Matar Sarr,Tottenham Hotspur FC (ENG),Midfielder
Senegal,Pathe Ciss,Rayo Vallecano (ESP),Midfielder
South Africa,Aubrey Modiba,Mamelodi Sundowns FC (RSA),Defender
South Africa,Bradley Cross,Kaizer Chiefs FC (RSA),Defender
South Africa,Ime Okon,Hannover 96 (GER),Defender
South Africa,Khuliso Mudau,Mamelodi Sundowns FC (RSA),Defender
South Africa,Khulumani Ndamane,Mamelodi Sundowns FC (RSA),Defender
South Africa,Mbekezeli Mbokazi,Chicago Fire FC (USA),Defender
South Africa,Nkosinathi Sibisi,Orlando Pirates FC (RSA),Defender
South Africa,Olwethu Makhanya,Philadelphia Union (USA),Defender
South Africa,Samukele Kabini,Molde FK (NOR),Defender
South Africa,Thabang Matuludi,Polokwane City FC (RSA),Defender
South Africa,Evidence Makgopa,Orlando Pirates FC (RSA),Forward
South Africa,Iqraam Rayners,Mamelodi Sundowns FC (RSA),Forward
South Africa,Kamogelo Sebelebele,Orlando Pirates FC (RSA),Forward
South Africa,Lyle Foster,Burnley FC (ENG),Forward
South Africa,Oswin Appollis,Orlando Pirates FC (RSA),Forward
South Africa,Relebohile Mofokeng,Orlando Pirates FC (RSA),Forward
South Africa,Thapelo Maseko,AEL Limassol (CYP),Forward
South Africa,Tshepang Moremi,Orlando Pirates FC (RSA),Forward
South Africa,Ricardo Goss,Siwelele FC (RSA),Goalkeeper
South Africa,Ronwen Williams,Mamelodi Sundowns FC (RSA),Goalkeeper
South Africa,Sipho Chaine,Orlando Pirates FC (RSA),Goalkeeper
South Africa,Jayden Adams,Mamelodi Sundowns FC (RSA),Midfielder
South Africa,Sphephelo Sithole,CD Tondela (POR),Midfielder
South Africa,Teboho Mokoena,Mamelodi Sundowns FC (RSA),Midfielder
South Africa,Thalente Mbatha,Orlando Pirates FC (RSA),Midfielder
South Africa,Themba Zwane,Mamelodi Sundowns FC (RSA),Midfielder
South Korea,Hanbeom Lee,FC Midtjylland (DEN),Defender
South Korea,Jens Castrop,Borussia Mönchengladbach (GER),Defender
South Korea,Jinseob Park,Zhejiang FC (CHN),Defender
South Korea,Minjae Kim,FC Bayern München (GER),Defender
South Korea,Moonhwan Kim,Daejeon Hana Citizen FC (KOR),Defender
South Korea,Taehyeon Kim,Kashima Antlers (JPN),Defender
South Korea,Taeseok Lee,FK Austria Wien (AUT),Defender
South Korea,Wije Cho,Jeonbuk Hyundai Motors FC (KOR),Defender
South Korea,Youngwoo Seol,FK Crvena Zvezda (SRB),Defender
South Korea,Guesung Cho,FC Midtjylland (DEN),Forward
South Korea,Heungmin Son,LAFC (USA),Forward
South Korea,Hyeongyu Oh,Beşiktaş JK (TUR),Forward
South Korea,Bumkeun Song,Jeonbuk Hyundai Motors FC (KOR),Goalkeeper
South Korea,Hyeonwoo Jo,Ulsan HD (KOR),Goalkeeper
South Korea,Seunggyu Kim,FC Tokyo (JPN),Goalkeeper
South Korea,Donggyeong Lee,Ulsan HD (KOR),Midfielder
South Korea,Gihyuk Lee,Gangwon FC (KOR),Midfielder
South Korea,Heechan Hwang,Wolverhampton Wanderers FC (ENG),Midfielder
South Korea,Hyunjun Yang,Celtic FC (SCO),Midfielder
South Korea,Inbeom Hwang,Feyenoord Rotterdam (NED),Midfielder
South Korea,Jaesung Lee,1. FSV Mainz 05 (GER),Midfielder
South Korea,Jingyu Kim,Jeonbuk Hyundai Motors FC (KOR),Midfielder
South Korea,Jisung Eom,Swansea City AFC (WAL),Midfielder
South Korea,Junho Bae,Stoke City FC (ENG),Midfielder
South Korea,Kangin Lee,Paris Saint-Germain (FRA),Midfielder
South Korea,Seungho Paik,Birmingham City FC (ENG),Midfielder
Spain,Alex Grimaldo,Bayer 04 Leverkusen (GER),Defender
Spain,Aymeric Laporte,Athletic Club (ESP),Defender
Spain,Eric Garcia,FC Barcelona (ESP),Defender
Spain,Marc Cucurella,Chelsea FC (ENG),Defender
Spain,Marc Pubill,Atlético De Madrid (ESP),Defender
Spain,Marcos Llorente,Atlético De Madrid (ESP),Defender
Spain,Pau Cubarsi,FC Barcelona (ESP),Defender
Spain,Pedro Porro,Tottenham Hotspur FC (ENG),Defender
Spain,Borja Iglesias,RC Celta Vigo (ESP),Forward
Spain,Dani Olmo,FC Barcelona (ESP),Forward
Spain,Ferran Torres,FC Barcelona (ESP),Forward
Spain,Lamine Yamal,FC Barcelona (ESP),Forward
Spain,Mikel Oyarzabal,Real Sociedad (ESP),Forward
Spain,Nico Williams,Athletic Club (ESP),Forward
Spain,Victor Munoz,CA Osasuna (ESP),Forward
Spain,Yeremy Pino,Crystal Palace FC (ENG),Forward
Spain,David Raya,Arsenal FC (ENG),Goalkeeper
Spain,Joan Garcia,FC Barcelona (ESP),Goalkeeper
Spain,Unai Simon,Athletic Club (ESP),Goalkeeper
Spain,Alex Baena,Atlético De Madrid (ESP),Midfielder
Spain,Fabian Ruiz,Paris Saint-Germain (FRA),Midfielder
Spain,Gavi,FC Barcelona (ESP),Midfielder
Spain,Martin Zubimendi,Arsenal FC (ENG),Midfielder
Spain,Mikel Merino,Arsenal FC (ENG),Midfielder
Spain,Pedri,FC Barcelona (ESP),Midfielder
Spain,Rodri,Manchester City FC (ENG),Midfielder
Sweden,Alexander Bernhardsson,Holstein Kiel (GER),Defender
Sweden,Carl Starfelt,RC Celta Vigo (ESP),Defender
Sweden,Daniel Svensson,Borussia Dortmund (GER),Defender
Sweden,Elliot Stroud,Mjällby AIF (SWE),Defender
Sweden,Eric Smith,FC St. Pauli (GER),Defender
Sweden,Gabriel Gudmundsson,Leeds United FC (ENG),Defender
Sweden,Gustaf Lagerbielke,SC Braga (POR),Defender
Sweden,Herman Johansson,FC Dallas (USA),Defender
Sweden,Hjalmar Ekdal,Burnley FC (ENG),Defender
Sweden,Isak Hien,Atalanta Bergamo (ITA),Defender
Sweden,Victor Lindelof,Aston Villa FC (ENG),Defender
Sweden,Alexander Isak,Liverpool FC (ENG),Forward
Sweden,Anthony Elanga,Newcastle United FC (ENG),Forward
Sweden,Gustaf Nilsson,Club Brugge (BEL),Forward
Sweden,Taha Ali,Malmö FF (SWE),Forward
Sweden,Viktor Gyokeres,Arsenal FC (ENG),Forward
Sweden,Jacob Widell Zetterstrom,Derby County FC (ENG),Goalkeeper
Sweden,Kristoffer Nordfeldt,AIK Stockholm (SWE),Goalkeeper
Sweden,Viktor Johansson,Stoke City FC (ENG),Goalkeeper
Sweden,Benjamin Nygren,Celtic FC (SCO),Midfielder
Sweden,Besfort Zeneli,Royale Union Saint-Gilloise (BEL),Midfielder
Sweden,Jesper Karlstrom,Udinese (ITA),Midfielder
Sweden,Ken Sema,Pafos FC (CYP),Midfielder
Sweden,Lucas Bergvall,Tottenham Hotspur FC (ENG),Midfielder
Sweden,Mattias Svanberg,VfL Wolfsburg (GER),Midfielder
Sweden,Yasin Ayari,Brighton & Hove Albion FC (ENG),Midfielder
Switzerland,Aurele Amenda,Eintracht Frankfurt (GER),Defender
Switzerland,Eray Coemert,Valencia CF (ESP),Defender
Switzerland,Luca Jaquez,VfB Stuttgart (GER),Defender
Switzerland,Manuel Akanji,FC Internazionale Milano (ITA),Defender
Switzerland,Miro Muheim,Hamburger SV (GER),Defender
Switzerland,Nico Elvedi,Borussia Mönchengladbach (GER),Defender
Switzerland,Ricardo Rodriguez,Real Betis (ESP),Defender
Switzerland,Silvan Widmer,1. FSV Mainz 05 (GER),Defender
Switzerland,Breel Embolo,Stade Rennais FC (FRA),Forward
Switzerland,Cedric Itten,Fortuna Düsseldorf (GER),Forward
Switzerland,Christian Fassnacht,BSC Young Boys (SUI),Forward
Switzerland,Dan Ndoye,Nottingham Forest FC (ENG),Forward
Switzerland,Noah Okafor,Leeds United FC (ENG),Forward
Switzerland,Ruben Vargas,Sevilla FC (ESP),Forward
Switzerland,Zeki Amdouni,Burnley FC (ENG),Forward
Switzerland,Gregor Kobel,Borussia Dortmund (GER),Goalkeeper
Switzerland,Marvin Keller,BSC Young Boys (SUI),Goalkeeper
Switzerland,Yvon Mvogo,FC Lorient (FRA),Goalkeeper
Switzerland,Ardon Jashari,AC Milan (ITA),Midfielder
Switzerland,Denis Zakaria,AS Monaco (FRA),Midfielder
Switzerland,Djibril Sow,Sevilla FC (ESP),Midfielder
Switzerland,Fabian Rieder,FC Augsburg (GER),Midfielder
Switzerland,Granit Xhaka,Sunderland AFC (ENG),Midfielder
Switzerland,Johan Manzambi,SC Freiburg (GER),Midfielder
Switzerland,Michel Aebischer,Pisa SC (ITA),Midfielder
Switzerland,Remo Freuler,Bologna FC (ITA),Midfielder
Tunisia,Adam Arous,Kasımpaşa SK (TUR),Defender
Tunisia,Ali Abdi,OGC Nice (FRA),Defender
Tunisia,Dylan Bronn,Servette FC (SUI),Defender
Tunisia,Mohamed Amine Ben Hmida,Espérance De Tunisie (TUN),Defender
Tunisia,Montassar Talbi,FC Lorient (FRA),Defender
Tunisia,Mortadha Ben Ouanes,Kasımpaşa SK (TUR),Defender
Tunisia,Moutaz Neffati,IFK Norrköping FK (SWE),Defender
Tunisia,Omar Rekik,NK Maribor (SVN),Defender
Tunisia,Raed Chikhaoui,US Monastir (TUN),Defender
Tunisia,Yan Valery,BSC Young Boys (SUI),Defender
Tunisia,Elias Achouri,FC København (DEN),Forward
Tunisia,Elias Saad,Hannover 96 (GER),Forward
Tunisia,Firas Chaouat,Club Africain (TUN),Forward
Tunisia,Hazem Mastouri,FC Dynamo Makhachkala (RUS),Forward
Tunisia,Rayan Elloumi,Vancouver Whitecaps FC (CAN),Forward
Tunisia,Aymen Dahmen,CS Sfaxien (TUN),Goalkeeper
Tunisia,Mouhib Chamakh,Club Africain (TUN),Goalkeeper
Tunisia,Sabri Ben Hessen,Étoile Du Sahel (TUN),Goalkeeper
Tunisia,Anis Slimane,Norwich City FC (ENG),Midfielder
Tunisia,Ellyes Skhiri,Eintracht Frankfurt (GER),Midfielder
Tunisia,Hannibal Mejbri,Burnley FC (ENG),Midfielder
Tunisia,Ismael Gharbi,FC Augsburg (GER),Midfielder
Tunisia,Khalil Ayari,Paris Saint-Germain (FRA),Midfielder
Tunisia,Mohamed Hadj Mahmoud,FC Lugano (SUI),Midfielder
Tunisia,Rani Khedira,1. FC Union Berlin (GER),Midfielder
Tunisia,Sebastian Tounekti,Celtic FC (SCO),Midfielder
Turkey,Abdulkerim Bardakci,Galatasaray SK (TUR),Defender
Turkey,Caglar Soyuncu,Fenerbahçe SK (TUR),Defender
Turkey,Eren Elmali,Galatasaray SK (TUR),Defender
Turkey,Ferdi Kadioglu,Brighton & Hove Albion FC (ENG),Defender
Turkey,Merih Demiral,Al Ahli FC (KSA),Defender
Turkey,Mert Muldur,Fenerbahçe SK (TUR),Defender
Turkey,Ozan Kabak,TSG Hoffenheim (GER),Defender
Turkey,Samet Akaydin,Çaykur Rizespor (TUR),Defender
Turkey,Zeki Celik,AS Roma (ITA),Defender
Turkey,Arda Guler,Real Madrid C. F. (ESP),Forward
Turkey,Baris Alper Yilmaz,Galatasaray SK (TUR),Forward
Turkey,Can Uzun,Eintracht Frankfurt (GER),Forward
Turkey,Deniz Gul,FC Porto (POR),Forward
Turkey,Irfan Can Kahveci,Kasımpaşa SK (TUR),Forward
Turkey,Kenan Yildiz,Juventus FC (ITA),Forward
Turkey,Kerem Akturkoglu,Fenerbahçe SK (TUR),Forward
Turkey,Oguz Aydin,Fenerbahçe SK (TUR),Forward
Turkey,Yunus Akgun,Galatasaray SK (TUR),Forward
Turkey,Altay Bayindir,Manchester United FC (ENG),Goalkeeper
Turkey,Mert Gunok,Fenerbahçe SK (TUR),Goalkeeper
Turkey,Ugurcan Cakir,Galatasaray SK (TUR),Goalkeeper
Turkey,Hakan Calhanoglu,FC Internazionale Milano (ITA),Midfielder
Turkey,Ismail Yuksek,Fenerbahçe SK (TUR),Midfielder
Turkey,Kaan Ayhan,Galatasaray SK (TUR),Midfielder
Turkey,Orkun Kokcu,Beşiktaş JK (TUR),Midfielder
Turkey,Salih Ozcan,Borussia Dortmund (GER),Midfielder
United States,Alex Freeman,Villarreal CF (ESP),Defender
United States,Antonee Robinson,Fulham FC (ENG),Defender
United States,Auston Trusty,Celtic FC (SCO),Defender
United States,Chris Richards,Crystal Palace FC (ENG),Defender
United States,Joe Scally,Borussia Mönchengladbach (GER),Defender
United States,Max Arfsten,Columbus Crew (USA),Defender
United States,McKENZIE Mark,Toulouse FC (FRA),Defender
United States,Miles Robinson,FC Cincinnatti (USA),Defender
United States,Sergino Dest,PSV Eindhoven (NED),Defender
United States,Tim Ream,Charlotte FC (USA),Defender
United States,Alex Zendejas,Club América (MEX),Forward
United States,Brenden Aaronson,Leeds United FC (ENG),Forward
United States,Christian Pulisic,AC Milan (ITA),Forward
United States,Folarin Balogun,AS Monaco (FRA),Forward
United States,Haji Wright,Coventry City FC (ENG),Forward
United States,Ricardo Pepi,PSV Eindhoven (NED),Forward
United States,Timothy Weah,Olympique Marseille (FRA),Forward
United States,Chris Brady,Chicago Fire FC (USA),Goalkeeper
United States,Matt Freese,New York City FC (USA),Goalkeeper
United States,Matt Turner,New England Revolution (USA),Goalkeeper
United States,Cristian Roldan,Seattle Sounders FC (USA),Midfielder
United States,Giovanni Reyna,Borussia Mönchengladbach (GER),Midfielder
United States,Malik Tillman,Bayer 04 Leverkusen (GER),Midfielder
United States,McKENNIE Weston,Juventus FC (ITA),Midfielder
United States,Sebastian Berhalter,Vancouver Whitecaps FC (CAN),Midfielder
United States,Tyler Adams,AFC Bournemouth (ENG),Midfielder
Uruguay,Guillermo Varela,CR Flamengo (BRA),Defender
Uruguay,Jose Maria Gimenez,Atlético De Madrid (ESP),Defender
Uruguay,Mathias Olivera,SSC Napoli (ITA),Defender
Uruguay,Matias Vina,CA River Plate (ARG),Defender
Uruguay,Ronald Araujo,FC Barcelona (ESP),Defender
Uruguay,Santiago Bueno,Wolverhampton Wanderers FC (ENG),Defender
Uruguay,Sebastian Caceres,Club América (MEX),Defender
Uruguay,Brian Rodriguez,Club América (MEX),Forward
Uruguay,Darwin Nunez,Al Hilal SC (KSA),Forward
Uruguay,Facundo Pellistri,Panathinaikos FC (GRE),Forward
Uruguay,Federico Vinas,Real Oviedo (ESP),Forward
Uruguay,Rodrigo Aguirre,Tigres UANL (MEX),Forward
Uruguay,Fernando Muslera,Estudiantes LP (ARG),Goalkeeper
Uruguay,Santiago Mele,CF Monterrey (MEX),Goalkeeper
Uruguay,Sergio Rochet,SC Internacional (BRA),Goalkeeper
Uruguay,Agustin Canobbio,Fluminense FC (BRA),Midfielder
Uruguay,Emiliano Martinez,SE Palmeiras (BRA),Midfielder
Uruguay,Federico Valverde,Real Madrid C. F. (ESP),Midfielder
Uruguay,Giorgian de Arrascaeta,CR Flamengo (BRA),Midfielder
Uruguay,Joaquin Piquerez,SE Palmeiras (BRA),Midfielder
Uruguay,Juan Manuel Sanabria,Real Salt Lake (USA),Midfielder
Uruguay,Manuel Ugarte,Manchester United FC (ENG),Midfielder
Uruguay,Maxi Araujo,Sporting CP (POR),Midfielder
Uruguay,Nicolas de la Cruz,CR Flamengo (BRA),Midfielder
Uruguay,Rodrigo Bentancur,Tottenham Hotspur FC (ENG),Midfielder
Uruguay,Rodrigo Zalazar,SC Braga (POR),Midfielder
Uzbekistan,Abdukodir Khusanov,Manchester City FC (ENG),Defender
Uzbekistan,Abdulla Abdullaev,Dibba FC (UAE),Defender
Uzbekistan,Avazbek Ulmasaliyev,OKMK FK (UZB),Defender
Uzbekistan,Behruzjon Karimov,Surkhon FK (UZB),Defender
Uzbekistan,Farrukh Sayfiev,FK Neftchi Farg'ona (UZB),Defender
Uzbekistan,Jakhongir Urozov,FK Dinamo Samarkand (UZB),Defender
Uzbekistan,Khojiakbar Alijonov,Pakhtakor Tashkent FK (UZB),Defender
Uzbekistan,Rustam Ashurmatov,Esteghlal Tehran FC (IRN),Defender
Uzbekistan,Sherzod Nasrullaev,Pakhtakor Tashkent FK (UZB),Defender
Uzbekistan,Umar Eshmurodov,Nasaf Qarshi FC (UZB),Defender
Uzbekistan,Azizbek Amonov,FK Dinamo Samarkand (UZB),Forward
Uzbekistan,Eldor Shomurodov,Başakşehir FK (TUR),Forward
Uzbekistan,Igor Sergeev,Persepolis FC (IRN),Forward
Uzbekistan,Abduvohid Nematov,Nasaf Qarshi FC (UZB),Goalkeeper
Uzbekistan,Botirali Ergashev,FK Neftchi Farg'ona (UZB),Goalkeeper
Uzbekistan,Utkir Yusupov,PFC Navbahor Namangan (UZB),Goalkeeper
Uzbekistan,Abbosbek Fayzullaev,Başakşehir FK (TUR),Midfielder
Uzbekistan,Akmal Mozgovoy,Pakhtakor Tashkent FK (UZB),Midfielder
Uzbekistan,Azizjon Ganiev,Al Bataeh Club (UAE),Midfielder
Uzbekistan,Dostonbek Khamdamov,Pakhtakor Tashkent FK (UZB),Midfielder
Uzbekistan,Jaloliddin Masharipov,Esteghlal Tehran FC (IRN),Midfielder
Uzbekistan,Jamshid Iskanderov,FK Neftchi Farg'ona (UZB),Midfielder
Uzbekistan,Odiljon Xamrobekov,Tractor Sazi Tabriz FC (IRN),Midfielder
Uzbekistan,Oston Urunov,Persepolis FC (IRN),Midfielder
Uzbekistan,Otabek Shukurov,Baniyas Club (UAE),Midfielder
Uzbekistan,Sherzod Esanov,FK Buxoro (UZB),Midfielder
